# Compiler-generated DATA with no reachable source spelling, in two classes:
#   common  a COFF COMMON cl emits from a header-inline's function-local static
#           (DATA() is main-file-only) or its ??_B dynamic-init guard byte (no
#           source spelling at all). No owning TU exists - cl emits a copy into
#           every instantiating TU and the linker merges them - so only the
#           retail address is stated; owner documents the emitting header inline.
#           Everything else is re-proven against the base objs' COMMON tables
#           every build (gruntz.audit.compgen_data).
#   copy    a reviewed per-TU copy of a header static (the GruntDirStatics
#           device, docs/data-attribution.md): owner is the emitting TU, decided
#           by its $E static initializer's position. Several rows may share one
#           rva (each TU's copy folds onto the same retail byte).
# labels.py folds both classes into build/gen/symbol_names.csv.
rva	size	name	owner	class
0x001f0868	0x8	$T2033768	fadereffects	copy
0x0022a268	0x1	_$S58$S	actionarea	copy
0x0022a270	0xc	?s_gruntDirEast_22a270@@3UGruntDirectionCell@@A	actionarea	copy
0x0022a280	0xc	?s_gruntDirNorth_22a280@@3UGruntDirectionCell@@A	actionarea	copy
0x0022a290	0xc	?s_gruntDirSouth_22a290@@3UGruntDirectionCell@@A	actionarea	copy
0x0022a2a0	0xc	?s_gruntDirWest_22a2a0@@3UGruntDirectionCell@@A	actionarea	copy
0x0022a2b0	0xc	?s_gruntDirNorthEast_22a2b0@@3UGruntDirectionCell@@A	actionarea	copy
0x0022a2c0	0xc	?s_gruntDirNorthWest_22a2c0@@3UGruntDirectionCell@@A	actionarea	copy
0x0022a2d0	0xc	?s_gruntDirSouthEast_22a2d0@@3UGruntDirectionCell@@A	actionarea	copy
0x0022a308	0xc	?s_gruntDirCenter_22a308@@3UGruntDirectionCell@@A	actionarea	copy
0x0022a318	0xc	?s_gruntDirSouthWest_22a318@@3UGruntDirectionCell@@A	actionarea	copy
0x0022a34c	0x1	??_C@_00A@?$AA@	netmgrerror	copy
0x0022a34c	0x1	??_C@_00A@?$AA@	zutil	copy
0x0022a350	0xc	?s_gruntDirEast_22a350@@3UGruntDirectionCell@@A	actionoptionsmenubar	copy
0x0022a360	0xc	?s_gruntDirNorth_22a360@@3UGruntDirectionCell@@A	actionoptionsmenubar	copy
0x0022a370	0xc	?s_gruntDirSouth_22a370@@3UGruntDirectionCell@@A	actionoptionsmenubar	copy
0x0022a380	0xc	?s_gruntDirWest_22a380@@3UGruntDirectionCell@@A	actionoptionsmenubar	copy
0x0022a390	0xc	?s_gruntDirNorthEast_22a390@@3UGruntDirectionCell@@A	actionoptionsmenubar	copy
0x0022a3a0	0xc	?s_gruntDirNorthWest_22a3a0@@3UGruntDirectionCell@@A	actionoptionsmenubar	copy
0x0022a3b0	0xc	?s_gruntDirSouthEast_22a3b0@@3UGruntDirectionCell@@A	actionoptionsmenubar	copy
0x0022a3c0	0xc	?s_gruntDirCenter_22a3c0@@3UGruntDirectionCell@@A	actionoptionsmenubar	copy
0x0022a3d0	0xc	?s_gruntDirSouthWest_22a3d0@@3UGruntDirectionCell@@A	actionoptionsmenubar	copy
0x0022a3f8	0xc	?s_gruntDirEast_22a3f8@@3UGruntDirectionCell@@A	gameobjectlogictypes	copy
0x0022a408	0xc	?s_gruntDirNorth_22a408@@3UGruntDirectionCell@@A	gameobjectlogictypes	copy
0x0022a418	0xc	?s_gruntDirSouth_22a418@@3UGruntDirectionCell@@A	gameobjectlogictypes	copy
0x0022a428	0xc	?s_gruntDirWest_22a428@@3UGruntDirectionCell@@A	gameobjectlogictypes	copy
0x0022a438	0xc	?s_gruntDirNorthEast_22a438@@3UGruntDirectionCell@@A	gameobjectlogictypes	copy
0x0022a448	0xc	?s_gruntDirNorthWest_22a448@@3UGruntDirectionCell@@A	gameobjectlogictypes	copy
0x0022a458	0xc	?s_gruntDirSouthEast_22a458@@3UGruntDirectionCell@@A	gameobjectlogictypes	copy
0x0022a468	0xc	?s_gruntDirCenter_22a468@@3UGruntDirectionCell@@A	gameobjectlogictypes	copy
0x0022a478	0xc	?s_gruntDirSouthWest_22a478@@3UGruntDirectionCell@@A	gameobjectlogictypes	copy
0x0022a4a0	0xc	?s_gruntDirEast_22a4a0@@3UGruntDirectionCell@@A	advancedoptions	copy
0x0022a4b0	0xc	?s_gruntDirNorth_22a4b0@@3UGruntDirectionCell@@A	advancedoptions	copy
0x0022a4c0	0xc	?s_gruntDirSouth_22a4c0@@3UGruntDirectionCell@@A	advancedoptions	copy
0x0022a4d0	0xc	?s_gruntDirWest_22a4d0@@3UGruntDirectionCell@@A	advancedoptions	copy
0x0022a4e0	0xc	?s_gruntDirNorthEast_22a4e0@@3UGruntDirectionCell@@A	advancedoptions	copy
0x0022a4f0	0xc	?s_gruntDirNorthWest_22a4f0@@3UGruntDirectionCell@@A	advancedoptions	copy
0x0022a500	0xc	?s_gruntDirSouthEast_22a500@@3UGruntDirectionCell@@A	advancedoptions	copy
0x0022a510	0xc	?s_gruntDirCenter_22a510@@3UGruntDirectionCell@@A	advancedoptions	copy
0x0022a520	0xc	?s_gruntDirSouthWest_22a520@@3UGruntDirectionCell@@A	advancedoptions	copy
0x0022a7d8	0xc	?s_gruntDirEast_22a7d8@@3UGruntDirectionCell@@A	worldsoundset	copy
0x0022a7e8	0xc	?s_gruntDirNorth_22a7e8@@3UGruntDirectionCell@@A	worldsoundset	copy
0x0022a7f8	0xc	?s_gruntDirSouth_22a7f8@@3UGruntDirectionCell@@A	worldsoundset	copy
0x0022a808	0xc	?s_gruntDirWest_22a808@@3UGruntDirectionCell@@A	worldsoundset	copy
0x0022a818	0xc	?s_gruntDirNorthEast_22a818@@3UGruntDirectionCell@@A	worldsoundset	copy
0x0022a828	0xc	?s_gruntDirNorthWest_22a828@@3UGruntDirectionCell@@A	worldsoundset	copy
0x0022a838	0xc	?s_gruntDirSouthEast_22a838@@3UGruntDirectionCell@@A	worldsoundset	copy
0x0022a848	0xc	?s_gruntDirCenter_22a848@@3UGruntDirectionCell@@A	worldsoundset	copy
0x0022a858	0xc	?s_gruntDirSouthWest_22a858@@3UGruntDirectionCell@@A	worldsoundset	copy
0x0022a918	0xc	?s_gruntDirEast_22a918@@3UGruntDirectionCell@@A	gamesave	copy
0x0022a928	0xc	?s_gruntDirNorth_22a928@@3UGruntDirectionCell@@A	gamesave	copy
0x0022a938	0xc	?s_gruntDirSouth_22a938@@3UGruntDirectionCell@@A	gamesave	copy
0x0022a948	0xc	?s_gruntDirWest_22a948@@3UGruntDirectionCell@@A	gamesave	copy
0x0022a958	0xc	?s_gruntDirNorthEast_22a958@@3UGruntDirectionCell@@A	gamesave	copy
0x0022a968	0xc	?s_gruntDirNorthWest_22a968@@3UGruntDirectionCell@@A	gamesave	copy
0x0022a978	0xc	?s_gruntDirSouthEast_22a978@@3UGruntDirectionCell@@A	gamesave	copy
0x0022a988	0xc	?s_gruntDirCenter_22a988@@3UGruntDirectionCell@@A	gamesave	copy
0x0022a998	0xc	?s_gruntDirSouthWest_22a998@@3UGruntDirectionCell@@A	gamesave	copy
0x0022aa80	0xc	?s_gruntDirEast_22aa80@@3UGruntDirectionCell@@A	attractstate	copy
0x0022aa90	0xc	?s_gruntDirNorth_22aa90@@3UGruntDirectionCell@@A	attractstate	copy
0x0022aaa0	0xc	?s_gruntDirSouth_22aaa0@@3UGruntDirectionCell@@A	attractstate	copy
0x0022aab0	0xc	?s_gruntDirWest_22aab0@@3UGruntDirectionCell@@A	attractstate	copy
0x0022aac0	0xc	?s_gruntDirNorthEast_22aac0@@3UGruntDirectionCell@@A	attractstate	copy
0x0022aad0	0xc	?s_gruntDirNorthWest_22aad0@@3UGruntDirectionCell@@A	attractstate	copy
0x0022aae0	0xc	?s_gruntDirSouthEast_22aae0@@3UGruntDirectionCell@@A	attractstate	copy
0x0022aaf0	0xc	?s_gruntDirCenter_22aaf0@@3UGruntDirectionCell@@A	attractstate	copy
0x0022ab00	0xc	?s_gruntDirSouthWest_22ab00@@3UGruntDirectionCell@@A	attractstate	copy
0x0022abb8	0xc	?s_gruntDirEast_22abb8@@3UGruntDirectionCell@@A	dialogs	copy
0x0022abc8	0xc	?s_gruntDirNorth_22abc8@@3UGruntDirectionCell@@A	dialogs	copy
0x0022abd8	0xc	?s_gruntDirSouth_22abd8@@3UGruntDirectionCell@@A	dialogs	copy
0x0022abe8	0xc	?s_gruntDirWest_22abe8@@3UGruntDirectionCell@@A	dialogs	copy
0x0022abf8	0xc	?s_gruntDirNorthEast_22abf8@@3UGruntDirectionCell@@A	dialogs	copy
0x0022ac08	0xc	?s_gruntDirNorthWest_22ac08@@3UGruntDirectionCell@@A	dialogs	copy
0x0022ac18	0xc	?s_gruntDirSouthEast_22ac18@@3UGruntDirectionCell@@A	dialogs	copy
0x0022ac28	0xc	?s_gruntDirCenter_22ac28@@3UGruntDirectionCell@@A	dialogs	copy
0x0022ac38	0xc	?s_gruntDirSouthWest_22ac38@@3UGruntDirectionCell@@A	dialogs	copy
0x0022acb8	0xc	?s_gruntDirEast_22acb8@@3UGruntDirectionCell@@A	battlezdlgcolors	copy
0x0022acc8	0xc	?s_gruntDirNorth_22acc8@@3UGruntDirectionCell@@A	battlezdlgcolors	copy
0x0022acd8	0xc	?s_gruntDirSouth_22acd8@@3UGruntDirectionCell@@A	battlezdlgcolors	copy
0x0022ace8	0xc	?s_gruntDirWest_22ace8@@3UGruntDirectionCell@@A	battlezdlgcolors	copy
0x0022acf8	0xc	?s_gruntDirNorthEast_22acf8@@3UGruntDirectionCell@@A	battlezdlgcolors	copy
0x0022ad08	0xc	?s_gruntDirNorthWest_22ad08@@3UGruntDirectionCell@@A	battlezdlgcolors	copy
0x0022ad18	0xc	?s_gruntDirSouthEast_22ad18@@3UGruntDirectionCell@@A	battlezdlgcolors	copy
0x0022ad28	0xc	?s_gruntDirCenter_22ad28@@3UGruntDirectionCell@@A	battlezdlgcolors	copy
0x0022ad38	0xc	?s_gruntDirSouthWest_22ad38@@3UGruntDirectionCell@@A	battlezdlgcolors	copy
0x0022ad60	0xc	?s_gruntDirEast_22ad60@@3UGruntDirectionCell@@A	customleveldlg	copy
0x0022ad70	0xc	?s_gruntDirNorth_22ad70@@3UGruntDirectionCell@@A	customleveldlg	copy
0x0022ad80	0xc	?s_gruntDirSouth_22ad80@@3UGruntDirectionCell@@A	customleveldlg	copy
0x0022ad90	0xc	?s_gruntDirWest_22ad90@@3UGruntDirectionCell@@A	customleveldlg	copy
0x0022ada0	0xc	?s_gruntDirNorthEast_22ada0@@3UGruntDirectionCell@@A	customleveldlg	copy
0x0022adb0	0xc	?s_gruntDirNorthWest_22adb0@@3UGruntDirectionCell@@A	customleveldlg	copy
0x0022adc0	0xc	?s_gruntDirSouthEast_22adc0@@3UGruntDirectionCell@@A	customleveldlg	copy
0x0022add0	0xc	?s_gruntDirCenter_22add0@@3UGruntDirectionCell@@A	customleveldlg	copy
0x0022ade0	0xc	?s_gruntDirSouthWest_22ade0@@3UGruntDirectionCell@@A	customleveldlg	copy
0x0022adec	0x1	_?$S@?4??DoDataExchange@CBattlezDlgCustom@@UAEXPAVCDataExchange@@@Z@4EA$S	customleveldlg	copy
0x0022ae10	0xc	?s_gruntDirEast_22ae10@@3UGruntDirectionCell@@A	bootystateactivate	copy
0x0022ae20	0xc	?s_gruntDirNorth_22ae20@@3UGruntDirectionCell@@A	bootystateactivate	copy
0x0022ae30	0xc	?s_gruntDirSouth_22ae30@@3UGruntDirectionCell@@A	bootystateactivate	copy
0x0022ae40	0xc	?s_gruntDirWest_22ae40@@3UGruntDirectionCell@@A	bootystateactivate	copy
0x0022ae70	0x1	_?$S@?BD@??BuildBootyWalkingGruntz@CBootyState@@QAEHXZ@4EA$S	bootystateactivate	copy
0x0022ae78	0xc	?s_gruntDirNorthEast_22ae78@@3UGruntDirectionCell@@A	bootystateactivate	copy
0x0022be28	0xc	?s_gruntDirNorthWest_22be28@@3UGruntDirectionCell@@A	bootystateactivate	copy
0x0022be38	0xc	?s_gruntDirSouthEast_22be38@@3UGruntDirectionCell@@A	bootystateactivate	copy
0x0022be48	0xc	?s_gruntDirCenter_22be48@@3UGruntDirectionCell@@A	bootystateactivate	copy
0x0022be58	0xc	?s_gruntDirSouthWest_22be58@@3UGruntDirectionCell@@A	bootystateactivate	copy
0x0022c238	0xc	?s_gruntDirEast_22c238@@3UGruntDirectionCell@@A	chatboxowner	copy
0x0022c248	0xc	?s_gruntDirNorth_22c248@@3UGruntDirectionCell@@A	chatboxowner	copy
0x0022c258	0xc	?s_gruntDirSouth_22c258@@3UGruntDirectionCell@@A	chatboxowner	copy
0x0022c268	0xc	?s_gruntDirWest_22c268@@3UGruntDirectionCell@@A	chatboxowner	copy
0x0022c278	0xc	?s_gruntDirNorthEast_22c278@@3UGruntDirectionCell@@A	chatboxowner	copy
0x0022c288	0xc	?s_gruntDirNorthWest_22c288@@3UGruntDirectionCell@@A	chatboxowner	copy
0x0022c298	0xc	?s_gruntDirSouthEast_22c298@@3UGruntDirectionCell@@A	chatboxowner	copy
0x0022c2a8	0xc	?s_gruntDirCenter_22c2a8@@3UGruntDirectionCell@@A	chatboxowner	copy
0x0022c2b8	0xc	?s_gruntDirSouthWest_22c2b8@@3UGruntDirectionCell@@A	chatboxowner	copy
0x0022c300	0xc	?s_gruntDirEast_22c300@@3UGruntDirectionCell@@A	fontconfig	copy
0x0022c310	0xc	?s_gruntDirNorth_22c310@@3UGruntDirectionCell@@A	fontconfig	copy
0x0022c320	0xc	?s_gruntDirSouth_22c320@@3UGruntDirectionCell@@A	fontconfig	copy
0x0022c330	0xc	?s_gruntDirWest_22c330@@3UGruntDirectionCell@@A	fontconfig	copy
0x0022c340	0xc	?s_gruntDirNorthEast_22c340@@3UGruntDirectionCell@@A	fontconfig	copy
0x0022c350	0xc	?s_gruntDirNorthWest_22c350@@3UGruntDirectionCell@@A	fontconfig	copy
0x0022c360	0xc	?s_gruntDirSouthEast_22c360@@3UGruntDirectionCell@@A	fontconfig	copy
0x0022c370	0xc	?s_gruntDirCenter_22c370@@3UGruntDirectionCell@@A	fontconfig	copy
0x0022c380	0xc	?s_gruntDirSouthWest_22c380@@3UGruntDirectionCell@@A	fontconfig	copy
0x0022c3b8	0xc	?s_gruntDirEast_22c3b8@@3UGruntDirectionCell@@A	checkpointdlg	copy
0x0022c3c8	0xc	?s_gruntDirNorth_22c3c8@@3UGruntDirectionCell@@A	checkpointdlg	copy
0x0022c3d8	0xc	?s_gruntDirSouth_22c3d8@@3UGruntDirectionCell@@A	checkpointdlg	copy
0x0022c3e8	0xc	?s_gruntDirWest_22c3e8@@3UGruntDirectionCell@@A	checkpointdlg	copy
0x0022c3f8	0xc	?s_gruntDirNorthEast_22c3f8@@3UGruntDirectionCell@@A	checkpointdlg	copy
0x0022c408	0xc	?s_gruntDirNorthWest_22c408@@3UGruntDirectionCell@@A	checkpointdlg	copy
0x0022c418	0xc	?s_gruntDirSouthEast_22c418@@3UGruntDirectionCell@@A	checkpointdlg	copy
0x0022c428	0xc	?s_gruntDirCenter_22c428@@3UGruntDirectionCell@@A	checkpointdlg	copy
0x0022c438	0xc	?s_gruntDirSouthWest_22c438@@3UGruntDirectionCell@@A	checkpointdlg	copy
0x0022c4e0	0x1	_$S158$S	checkpointdlg	copy
0x0022c4e8	0xc	?s_gruntDirEast_22c4e8@@3UGruntDirectionCell@@A	gruntzcmdmgr	copy
0x0022c4f8	0xc	?s_gruntDirNorth_22c4f8@@3UGruntDirectionCell@@A	gruntzcmdmgr	copy
0x0022c508	0xc	?s_gruntDirSouth_22c508@@3UGruntDirectionCell@@A	gruntzcmdmgr	copy
0x0022c518	0xc	?s_gruntDirWest_22c518@@3UGruntDirectionCell@@A	gruntzcmdmgr	copy
0x0022c548	0xc	?s_gruntDirNorthEast_22c548@@3UGruntDirectionCell@@A	gruntzcmdmgr	copy
0x0022c558	0xc	?s_gruntDirNorthWest_22c558@@3UGruntDirectionCell@@A	gruntzcmdmgr	copy
0x0022c568	0xc	?s_gruntDirSouthEast_22c568@@3UGruntDirectionCell@@A	gruntzcmdmgr	copy
0x0022c578	0xc	?s_gruntDirCenter_22c578@@3UGruntDirectionCell@@A	gruntzcmdmgr	copy
0x0022c588	0xc	?s_gruntDirSouthWest_22c588@@3UGruntDirectionCell@@A	gruntzcmdmgr	copy
0x0022c5f8	0xc	?s_gruntDirEast_22c5f8@@3UGruntDirectionCell@@A	battlezmapconfig	copy
0x0022c608	0xc	?s_gruntDirNorth_22c608@@3UGruntDirectionCell@@A	battlezmapconfig	copy
0x0022c618	0xc	?s_gruntDirSouth_22c618@@3UGruntDirectionCell@@A	battlezmapconfig	copy
0x0022c628	0xc	?s_gruntDirWest_22c628@@3UGruntDirectionCell@@A	battlezmapconfig	copy
0x0022c638	0xc	?s_gruntDirNorthEast_22c638@@3UGruntDirectionCell@@A	battlezmapconfig	copy
0x0022c648	0xc	?s_gruntDirNorthWest_22c648@@3UGruntDirectionCell@@A	battlezmapconfig	copy
0x0022c658	0xc	?s_gruntDirSouthEast_22c658@@3UGruntDirectionCell@@A	battlezmapconfig	copy
0x0022c668	0xc	?s_gruntDirCenter_22c668@@3UGruntDirectionCell@@A	battlezmapconfig	copy
0x0022c678	0xc	?s_gruntDirSouthWest_22c678@@3UGruntDirectionCell@@A	battlezmapconfig	copy
0x0022c6b8	0xc	?s_gruntDirEast_22c6b8@@3UGruntDirectionCell@@A	battlezunitstep	copy
0x0022c6c8	0xc	?s_gruntDirNorth_22c6c8@@3UGruntDirectionCell@@A	battlezunitstep	copy
0x0022c6d8	0xc	?s_gruntDirSouth_22c6d8@@3UGruntDirectionCell@@A	battlezunitstep	copy
0x0022c6e8	0xc	?s_gruntDirWest_22c6e8@@3UGruntDirectionCell@@A	battlezunitstep	copy
0x0022c6f8	0xc	?s_gruntDirNorthEast_22c6f8@@3UGruntDirectionCell@@A	battlezunitstep	copy
0x0022c708	0xc	?s_gruntDirNorthWest_22c708@@3UGruntDirectionCell@@A	battlezunitstep	copy
0x0022c718	0xc	?s_gruntDirSouthEast_22c718@@3UGruntDirectionCell@@A	battlezunitstep	copy
0x0022c728	0xc	?s_gruntDirCenter_22c728@@3UGruntDirectionCell@@A	battlezunitstep	copy
0x0022c738	0xc	?s_gruntDirSouthWest_22c738@@3UGruntDirectionCell@@A	battlezunitstep	copy
0x0022c768	0xc	?s_gruntDirEast_22c768@@3UGruntDirectionCell@@A	grunttilescan	copy
0x0022c778	0xc	?s_gruntDirNorth_22c778@@3UGruntDirectionCell@@A	grunttilescan	copy
0x0022c788	0xc	?s_gruntDirSouth_22c788@@3UGruntDirectionCell@@A	grunttilescan	copy
0x0022c798	0xc	?s_gruntDirWest_22c798@@3UGruntDirectionCell@@A	grunttilescan	copy
0x0022c7a8	0xc	?s_gruntDirNorthEast_22c7a8@@3UGruntDirectionCell@@A	grunttilescan	copy
0x0022c7b8	0xc	?s_gruntDirNorthWest_22c7b8@@3UGruntDirectionCell@@A	grunttilescan	copy
0x0022c7c8	0xc	?s_gruntDirSouthEast_22c7c8@@3UGruntDirectionCell@@A	grunttilescan	copy
0x0022c7d8	0xc	?s_gruntDirCenter_22c7d8@@3UGruntDirectionCell@@A	grunttilescan	copy
0x0022c7e8	0xc	?s_gruntDirSouthWest_22c7e8@@3UGruntDirectionCell@@A	grunttilescan	copy
0x0022c810	0xc	?s_gruntDirEast_22c810@@3UGruntDirectionCell@@A	gruntstatestep	copy
0x0022c820	0xc	?s_gruntDirNorth_22c820@@3UGruntDirectionCell@@A	gruntstatestep	copy
0x0022c830	0xc	?s_gruntDirSouth_22c830@@3UGruntDirectionCell@@A	gruntstatestep	copy
0x0022c840	0xc	?s_gruntDirWest_22c840@@3UGruntDirectionCell@@A	gruntstatestep	copy
0x0022c850	0xc	?s_gruntDirNorthEast_22c850@@3UGruntDirectionCell@@A	gruntstatestep	copy
0x0022c860	0xc	?s_gruntDirNorthWest_22c860@@3UGruntDirectionCell@@A	gruntstatestep	copy
0x0022c870	0xc	?s_gruntDirSouthEast_22c870@@3UGruntDirectionCell@@A	gruntstatestep	copy
0x0022c880	0xc	?s_gruntDirCenter_22c880@@3UGruntDirectionCell@@A	gruntstatestep	copy
0x0022c890	0xc	?s_gruntDirSouthWest_22c890@@3UGruntDirectionCell@@A	gruntstatestep	copy
0x0022c8b8	0xc	?s_gruntDirEast_22c8b8@@3UGruntDirectionCell@@A	battlezspawncheck	copy
0x0022c8c8	0xc	?s_gruntDirNorth_22c8c8@@3UGruntDirectionCell@@A	battlezspawncheck	copy
0x0022c8d8	0xc	?s_gruntDirSouth_22c8d8@@3UGruntDirectionCell@@A	battlezspawncheck	copy
0x0022c8e8	0xc	?s_gruntDirWest_22c8e8@@3UGruntDirectionCell@@A	battlezspawncheck	copy
0x0022c8f8	0xc	?s_gruntDirNorthEast_22c8f8@@3UGruntDirectionCell@@A	battlezspawncheck	copy
0x0022c908	0xc	?s_gruntDirNorthWest_22c908@@3UGruntDirectionCell@@A	battlezspawncheck	copy
0x0022c918	0xc	?s_gruntDirSouthEast_22c918@@3UGruntDirectionCell@@A	battlezspawncheck	copy
0x0022c928	0xc	?s_gruntDirCenter_22c928@@3UGruntDirectionCell@@A	battlezspawncheck	copy
0x0022c938	0xc	?s_gruntDirSouthWest_22c938@@3UGruntDirectionCell@@A	battlezspawncheck	copy
0x0022c960	0xc	?s_gruntDirEast_22c960@@3UGruntDirectionCell@@A	battlezrepath	copy
0x0022c970	0xc	?s_gruntDirNorth_22c970@@3UGruntDirectionCell@@A	battlezrepath	copy
0x0022c980	0xc	?s_gruntDirSouth_22c980@@3UGruntDirectionCell@@A	battlezrepath	copy
0x0022c990	0xc	?s_gruntDirWest_22c990@@3UGruntDirectionCell@@A	battlezrepath	copy
0x0022c9a0	0xc	?s_gruntDirNorthEast_22c9a0@@3UGruntDirectionCell@@A	battlezrepath	copy
0x0022c9b0	0xc	?s_gruntDirNorthWest_22c9b0@@3UGruntDirectionCell@@A	battlezrepath	copy
0x0022c9c0	0xc	?s_gruntDirSouthEast_22c9c0@@3UGruntDirectionCell@@A	battlezrepath	copy
0x0022c9d0	0xc	?s_gruntDirCenter_22c9d0@@3UGruntDirectionCell@@A	battlezrepath	copy
0x0022c9e0	0xc	?s_gruntDirSouthWest_22c9e0@@3UGruntDirectionCell@@A	battlezrepath	copy
0x0022ca08	0xc	?s_gruntDirEast_22ca08@@3UGruntDirectionCell@@A	battlezreserveplace	copy
0x0022ca18	0xc	?s_gruntDirNorth_22ca18@@3UGruntDirectionCell@@A	battlezreserveplace	copy
0x0022ca28	0xc	?s_gruntDirSouth_22ca28@@3UGruntDirectionCell@@A	battlezreserveplace	copy
0x0022ca38	0xc	?s_gruntDirWest_22ca38@@3UGruntDirectionCell@@A	battlezreserveplace	copy
0x0022ca48	0xc	?s_gruntDirNorthEast_22ca48@@3UGruntDirectionCell@@A	battlezreserveplace	copy
0x0022ca58	0xc	?s_gruntDirNorthWest_22ca58@@3UGruntDirectionCell@@A	battlezreserveplace	copy
0x0022ca68	0xc	?s_gruntDirSouthEast_22ca68@@3UGruntDirectionCell@@A	battlezreserveplace	copy
0x0022ca78	0xc	?s_gruntDirCenter_22ca78@@3UGruntDirectionCell@@A	battlezreserveplace	copy
0x0022ca88	0xc	?s_gruntDirSouthWest_22ca88@@3UGruntDirectionCell@@A	battlezreserveplace	copy
0x0022cab0	0xc	?s_gruntDirEast_22cab0@@3UGruntDirectionCell@@A	battlezretarget	copy
0x0022cac0	0xc	?s_gruntDirNorth_22cac0@@3UGruntDirectionCell@@A	battlezretarget	copy
0x0022cad0	0xc	?s_gruntDirSouth_22cad0@@3UGruntDirectionCell@@A	battlezretarget	copy
0x0022cae0	0xc	?s_gruntDirWest_22cae0@@3UGruntDirectionCell@@A	battlezretarget	copy
0x0022caf0	0xc	?s_gruntDirNorthEast_22caf0@@3UGruntDirectionCell@@A	battlezretarget	copy
0x0022cb00	0xc	?s_gruntDirNorthWest_22cb00@@3UGruntDirectionCell@@A	battlezretarget	copy
0x0022cb10	0xc	?s_gruntDirSouthEast_22cb10@@3UGruntDirectionCell@@A	battlezretarget	copy
0x0022cb20	0xc	?s_gruntDirCenter_22cb20@@3UGruntDirectionCell@@A	battlezretarget	copy
0x0022cb30	0xc	?s_gruntDirSouthWest_22cb30@@3UGruntDirectionCell@@A	battlezretarget	copy
0x0022cb58	0xc	?s_gruntDirEast_22cb58@@3UGruntDirectionCell@@A	tilescan	copy
0x0022cb68	0xc	?s_gruntDirNorth_22cb68@@3UGruntDirectionCell@@A	tilescan	copy
0x0022cb78	0xc	?s_gruntDirSouth_22cb78@@3UGruntDirectionCell@@A	tilescan	copy
0x0022cb88	0xc	?s_gruntDirWest_22cb88@@3UGruntDirectionCell@@A	tilescan	copy
0x0022cb98	0xc	?s_gruntDirNorthEast_22cb98@@3UGruntDirectionCell@@A	tilescan	copy
0x0022cba8	0xc	?s_gruntDirNorthWest_22cba8@@3UGruntDirectionCell@@A	tilescan	copy
0x0022cbb8	0xc	?s_gruntDirSouthEast_22cbb8@@3UGruntDirectionCell@@A	tilescan	copy
0x0022cbc8	0xc	?s_gruntDirCenter_22cbc8@@3UGruntDirectionCell@@A	tilescan	copy
0x0022cbd8	0xc	?s_gruntDirSouthWest_22cbd8@@3UGruntDirectionCell@@A	tilescan	copy
0x0022cc80	0xc	?s_gruntDirEast_22cc80@@3UGruntDirectionCell@@A	videoconfig	copy
0x0022cc90	0xc	?s_gruntDirNorth_22cc90@@3UGruntDirectionCell@@A	videoconfig	copy
0x0022cca0	0xc	?s_gruntDirSouth_22cca0@@3UGruntDirectionCell@@A	videoconfig	copy
0x0022ccb0	0xc	?s_gruntDirWest_22ccb0@@3UGruntDirectionCell@@A	videoconfig	copy
0x0022ccd0	0xc	?s_gruntDirNorthEast_22ccd0@@3UGruntDirectionCell@@A	videoconfig	copy
0x0022cce0	0xc	?s_gruntDirNorthWest_22cce0@@3UGruntDirectionCell@@A	videoconfig	copy
0x0022ccf0	0xc	?s_gruntDirSouthEast_22ccf0@@3UGruntDirectionCell@@A	videoconfig	copy
0x0022cd00	0xc	?s_gruntDirCenter_22cd00@@3UGruntDirectionCell@@A	videoconfig	copy
0x0022cd10	0xc	?s_gruntDirSouthWest_22cd10@@3UGruntDirectionCell@@A	videoconfig	copy
0x0022cd98	0xc	?s_gruntDirEast_22cd98@@3UGruntDirectionCell@@A	videooptions	copy
0x0022cda8	0xc	?s_gruntDirNorth_22cda8@@3UGruntDirectionCell@@A	videooptions	copy
0x0022cdb8	0xc	?s_gruntDirSouth_22cdb8@@3UGruntDirectionCell@@A	videooptions	copy
0x0022cdc8	0xc	?s_gruntDirWest_22cdc8@@3UGruntDirectionCell@@A	videooptions	copy
0x0022cdd8	0xc	?s_gruntDirNorthEast_22cdd8@@3UGruntDirectionCell@@A	videooptions	copy
0x0022cde8	0xc	?s_gruntDirNorthWest_22cde8@@3UGruntDirectionCell@@A	videooptions	copy
0x0022cdf8	0xc	?s_gruntDirSouthEast_22cdf8@@3UGruntDirectionCell@@A	videooptions	copy
0x0022ce08	0xc	?s_gruntDirCenter_22ce08@@3UGruntDirectionCell@@A	videooptions	copy
0x0022ce18	0xc	?s_gruntDirSouthWest_22ce18@@3UGruntDirectionCell@@A	videooptions	copy
0x0022ce40	0xc	?s_gruntDirEast_22ce40@@3UGruntDirectionCell@@A	creditsstate	copy
0x0022ce50	0xc	?s_gruntDirNorth_22ce50@@3UGruntDirectionCell@@A	creditsstate	copy
0x0022ce60	0xc	?s_gruntDirSouth_22ce60@@3UGruntDirectionCell@@A	creditsstate	copy
0x0022ce70	0xc	?s_gruntDirWest_22ce70@@3UGruntDirectionCell@@A	creditsstate	copy
0x0022ce80	0xc	?s_gruntDirNorthEast_22ce80@@3UGruntDirectionCell@@A	creditsstate	copy
0x0022ce90	0xc	?s_gruntDirNorthWest_22ce90@@3UGruntDirectionCell@@A	creditsstate	copy
0x0022cea0	0xc	?s_gruntDirSouthEast_22cea0@@3UGruntDirectionCell@@A	creditsstate	copy
0x0022ceb0	0xc	?s_gruntDirCenter_22ceb0@@3UGruntDirectionCell@@A	creditsstate	copy
0x0022cec0	0xc	?s_gruntDirSouthWest_22cec0@@3UGruntDirectionCell@@A	creditsstate	copy
0x0022cef0	0x1	$S2277272	cursorsnapactreg	copy
0x0022cf28	0xc	?s_gruntDirEast_22cf28@@3UGruntDirectionCell@@A	customworlddialog	copy
0x0022cf38	0xc	?s_gruntDirNorth_22cf38@@3UGruntDirectionCell@@A	customworlddialog	copy
0x0022cf48	0xc	?s_gruntDirSouth_22cf48@@3UGruntDirectionCell@@A	customworlddialog	copy
0x0022cf58	0xc	?s_gruntDirWest_22cf58@@3UGruntDirectionCell@@A	customworlddialog	copy
0x0022d168	0xc	?s_gruntDirNorthEast_22d168@@3UGruntDirectionCell@@A	customworlddialog	copy
0x0022d178	0xc	?s_gruntDirNorthWest_22d178@@3UGruntDirectionCell@@A	customworlddialog	copy
0x0022d188	0xc	?s_gruntDirSouthEast_22d188@@3UGruntDirectionCell@@A	customworlddialog	copy
0x0022d198	0xc	?s_gruntDirCenter_22d198@@3UGruntDirectionCell@@A	customworlddialog	copy
0x0022d1a8	0xc	?s_gruntDirSouthWest_22d1a8@@3UGruntDirectionCell@@A	customworlddialog	copy
0x0022d258	0xc	?s_gruntDirEast_22d258@@3UGruntDirectionCell@@A	demo	copy
0x0022d268	0xc	?s_gruntDirNorth_22d268@@3UGruntDirectionCell@@A	demo	copy
0x0022d278	0xc	?s_gruntDirSouth_22d278@@3UGruntDirectionCell@@A	demo	copy
0x0022d288	0xc	?s_gruntDirWest_22d288@@3UGruntDirectionCell@@A	demo	copy
0x0022d298	0xc	?s_gruntDirNorthEast_22d298@@3UGruntDirectionCell@@A	demo	copy
0x0022d2a8	0xc	?s_gruntDirNorthWest_22d2a8@@3UGruntDirectionCell@@A	demo	copy
0x0022d2b8	0xc	?s_gruntDirSouthEast_22d2b8@@3UGruntDirectionCell@@A	demo	copy
0x0022d2c8	0xc	?s_gruntDirCenter_22d2c8@@3UGruntDirectionCell@@A	demo	copy
0x0022d2d8	0xc	?s_gruntDirSouthWest_22d2d8@@3UGruntDirectionCell@@A	demo	copy
0x0022d300	0xc	?s_gruntDirEast_22d300@@3UGruntDirectionCell@@A	dircellmethods	copy
0x0022d310	0xc	?s_gruntDirNorth_22d310@@3UGruntDirectionCell@@A	dircellmethods	copy
0x0022d320	0xc	?s_gruntDirSouth_22d320@@3UGruntDirectionCell@@A	dircellmethods	copy
0x0022d330	0xc	?s_gruntDirWest_22d330@@3UGruntDirectionCell@@A	dircellmethods	copy
0x0022d340	0xc	?s_gruntDirNorthEast_22d340@@3UGruntDirectionCell@@A	dircellmethods	copy
0x0022d350	0xc	?s_gruntDirNorthWest_22d350@@3UGruntDirectionCell@@A	dircellmethods	copy
0x0022d360	0xc	?s_gruntDirSouthEast_22d360@@3UGruntDirectionCell@@A	dircellmethods	copy
0x0022d370	0xc	?s_gruntDirCenter_22d370@@3UGruntDirectionCell@@A	dircellmethods	copy
0x0022d380	0xc	?s_gruntDirSouthWest_22d380@@3UGruntDirectionCell@@A	dircellmethods	copy
0x00245440	0x1	_$S31$S	gruntstartingpoint	copy
0x00245448	0xc	?s_gruntDirEast_245448@@3UGruntDirectionCell@@A	secretteleportertrigger	copy
0x00245454	0x1	$S2376956	fortressflag	copy
0x00245458	0x1	_$S31$S	wormholeacts	copy
0x0024545c	0x1	_$S31$S	gruntcreationpoint	copy
0x00245460	0xc	?s_gruntDirNorth_245460@@3UGruntDirectionCell@@A	secretteleportertrigger	copy
0x0024546c	0x1	$S2376980	wormhole	copy
0x00245470	0x1	$S2376984	wormhole	copy
0x00245474	0x1	$S2376988	wormhole	copy
0x00245478	0xc	?s_gruntDirSouth_245478@@3UGruntDirectionCell@@A	secretteleportertrigger	copy
0x00245484	0x1	$S2377004	secretteleportertrigger	copy
0x00245488	0x1	$S2377008	secretteleportertrigger	copy
0x00245490	0xc	?s_gruntDirWest_245490@@3UGruntDirectionCell@@A	secretteleportertrigger	copy
0x0024549c	0x1	_$S31$S	warlord	copy
0x002454a0	0xc	?s_gruntDirNorthEast_2454a0@@3UGruntDirectionCell@@A	secretteleportertrigger	copy
0x002454b0	0xc	?s_gruntDirNorthWest_2454b0@@3UGruntDirectionCell@@A	secretteleportertrigger	copy
0x002454c0	0xc	?s_gruntDirSouthEast_2454c0@@3UGruntDirectionCell@@A	secretteleportertrigger	copy
0x002454d0	0xc	?s_gruntDirCenter_2454d0@@3UGruntDirectionCell@@A	secretteleportertrigger	copy
0x002454e0	0xc	?s_gruntDirSouthWest_2454e0@@3UGruntDirectionCell@@A	secretteleportertrigger	copy
0x00245514	0x1	_?$S@?BA@??NotifyFortUnderAttack@CWarlord@@QAEHXZ@4EA$S	warlord	copy
0x00245708	0x1	$S2377648	fortressflag	copy
0x0024570c	0x1	$S2377652	fortressflag	copy
0x00245710	0xc	?s_gruntDirEast_245710@@3UGruntDirectionCell@@A	fortressflag	copy
0x00245720	0xc	?s_gruntDirNorth_245720@@3UGruntDirectionCell@@A	fortressflag	copy
0x00245730	0xc	?s_gruntDirSouth_245730@@3UGruntDirectionCell@@A	fortressflag	copy
0x00245740	0xc	?s_gruntDirWest_245740@@3UGruntDirectionCell@@A	fortressflag	copy
0x00245778	0xc	?s_gruntDirNorthEast_245778@@3UGruntDirectionCell@@A	fortressflag	copy
0x00245788	0xc	?s_gruntDirNorthWest_245788@@3UGruntDirectionCell@@A	fortressflag	copy
0x00245798	0xc	?s_gruntDirSouthEast_245798@@3UGruntDirectionCell@@A	fortressflag	copy
0x002457a8	0xc	?s_gruntDirCenter_2457a8@@3UGruntDirectionCell@@A	fortressflag	copy
0x002457b8	0xc	?s_gruntDirSouthWest_2457b8@@3UGruntDirectionCell@@A	fortressflag	copy
0x002458c8	0xc	_s_gruntDirEast$S	gruntcombat	copy
0x002458d8	0xc	_s_gruntDirNorth$S	gruntcombat	copy
0x002458e8	0xc	_s_gruntDirSouth$S	gruntcombat	copy
0x002458f8	0xc	_s_gruntDirWest$S	gruntcombat	copy
0x00245908	0xc	_s_gruntDirNorthEast$S	gruntcombat	copy
0x00245918	0xc	_s_gruntDirNorthWest$S	gruntcombat	copy
0x00245928	0xc	_s_gruntDirSouthEast$S	gruntcombat	copy
0x00245938	0xc	_s_gruntDirCenter$S	gruntcombat	copy
0x00245948	0xc	_s_gruntDirSouthWest$S	gruntcombat	copy
0x002459f0	0x1	_$S173$S	gruntcombat	copy
0x00245b70	0xc	?s_gruntDirEast_245b70@@3UGruntDirectionCell@@A	triggermgrhittest	copy
0x00245b80	0xc	?s_gruntDirNorth_245b80@@3UGruntDirectionCell@@A	triggermgrhittest	copy
0x00245b90	0xc	?s_gruntDirSouth_245b90@@3UGruntDirectionCell@@A	triggermgrhittest	copy
0x00245ba0	0xc	?s_gruntDirWest_245ba0@@3UGruntDirectionCell@@A	triggermgrhittest	copy
0x00245bb0	0xc	?s_gruntDirNorthEast_245bb0@@3UGruntDirectionCell@@A	triggermgrhittest	copy
0x00245bc0	0xc	?s_gruntDirNorthWest_245bc0@@3UGruntDirectionCell@@A	triggermgrhittest	copy
0x00245bd0	0xc	?s_gruntDirSouthEast_245bd0@@3UGruntDirectionCell@@A	triggermgrhittest	copy
0x00245be0	0xc	?s_gruntDirCenter_245be0@@3UGruntDirectionCell@@A	triggermgrhittest	copy
0x00245bf0	0xc	?s_gruntDirSouthWest_245bf0@@3UGruntDirectionCell@@A	triggermgrhittest	copy
0x00245c38	0x1	_$S31$S	grunthealthsprite	copy
0x00245c3c	0x1	_$S31$S	gruntselectedsprite	copy
0x00245c40	0xc	?s_gruntDirEast_245c40@@3UGruntDirectionCell@@A	gruntindicatorlogicdispatch	copy
0x00245c4c	0x1	_$S31$S	gruntpowerupsprite	copy
0x00245c50	0x1	_$S31$S	grunttoysprite	copy
0x00245c58	0xc	?s_gruntDirNorth_245c58@@3UGruntDirectionCell@@A	gruntindicatorlogicdispatch	copy
0x00245c68	0xc	?s_gruntDirSouth_245c68@@3UGruntDirectionCell@@A	gruntindicatorlogicdispatch	copy
0x00245c78	0xc	?s_gruntDirWest_245c78@@3UGruntDirectionCell@@A	gruntindicatorlogicdispatch	copy
0x00245d28	0xc	?s_gruntDirNorthEast_245d28@@3UGruntDirectionCell@@A	gruntindicatorlogicdispatch	copy
0x00245d38	0xc	?s_gruntDirNorthWest_245d38@@3UGruntDirectionCell@@A	gruntindicatorlogicdispatch	copy
0x00245d48	0xc	?s_gruntDirSouthEast_245d48@@3UGruntDirectionCell@@A	gruntindicatorlogicdispatch	copy
0x00245d58	0xc	?s_gruntDirCenter_245d58@@3UGruntDirectionCell@@A	gruntindicatorlogicdispatch	copy
0x00245d68	0xc	?s_gruntDirSouthWest_245d68@@3UGruntDirectionCell@@A	gruntindicatorlogicdispatch	copy
0x00245db8	0xc	?s_gruntDirEast_245db8@@3UGruntDirectionCell@@A	gruntzapp	copy
0x00245dc8	0xc	?s_gruntDirNorth_245dc8@@3UGruntDirectionCell@@A	gruntzapp	copy
0x00245dd8	0xc	?s_gruntDirSouth_245dd8@@3UGruntDirectionCell@@A	gruntzapp	copy
0x00245de8	0xc	?s_gruntDirWest_245de8@@3UGruntDirectionCell@@A	gruntzapp	copy
0x00245ef8	0xc	?s_gruntDirNorthEast_245ef8@@3UGruntDirectionCell@@A	gruntzapp	copy
0x00245f08	0xc	?s_gruntDirNorthWest_245f08@@3UGruntDirectionCell@@A	gruntzapp	copy
0x00245f18	0xc	?s_gruntDirSouthEast_245f18@@3UGruntDirectionCell@@A	gruntzapp	copy
0x00245f28	0xc	?s_gruntDirCenter_245f28@@3UGruntDirectionCell@@A	gruntzapp	copy
0x00245f38	0xc	?s_gruntDirSouthWest_245f38@@3UGruntDirectionCell@@A	gruntzapp	copy
0x00245f98	0xc	?s_gruntDirEast_245f98@@3UGruntDirectionCell@@A	brickzload	copy
0x00245fa8	0xc	?s_gruntDirNorth_245fa8@@3UGruntDirectionCell@@A	brickzload	copy
0x00245fb8	0xc	?s_gruntDirSouth_245fb8@@3UGruntDirectionCell@@A	brickzload	copy
0x00245fc8	0xc	?s_gruntDirWest_245fc8@@3UGruntDirectionCell@@A	brickzload	copy
0x00245fd8	0xc	?s_gruntDirNorthEast_245fd8@@3UGruntDirectionCell@@A	brickzload	copy
0x00245fe8	0xc	?s_gruntDirNorthWest_245fe8@@3UGruntDirectionCell@@A	brickzload	copy
0x00245ff8	0xc	?s_gruntDirSouthEast_245ff8@@3UGruntDirectionCell@@A	brickzload	copy
0x00246008	0xc	?s_gruntDirCenter_246008@@3UGruntDirectionCell@@A	brickzload	copy
0x00246018	0xc	?s_gruntDirSouthWest_246018@@3UGruntDirectionCell@@A	brickzload	copy
0x002460c0	0xc	?s_gruntDirEast_2460c0@@3UGruntDirectionCell@@A	gruntzmgr	copy
0x002460d0	0xc	?s_gruntDirNorth_2460d0@@3UGruntDirectionCell@@A	gruntzmgr	copy
0x002460e0	0xc	?s_gruntDirSouth_2460e0@@3UGruntDirectionCell@@A	gruntzmgr	copy
0x002460f0	0xc	?s_gruntDirWest_2460f0@@3UGruntDirectionCell@@A	gruntzmgr	copy
0x002461d0	0xc	?s_gruntDirNorthEast_2461d0@@3UGruntDirectionCell@@A	gruntzmgr	copy
0x002461e0	0xc	?s_gruntDirNorthWest_2461e0@@3UGruntDirectionCell@@A	gruntzmgr	copy
0x002461f0	0xc	?s_gruntDirSouthEast_2461f0@@3UGruntDirectionCell@@A	gruntzmgr	copy
0x00246208	0xc	?s_gruntDirCenter_246208@@3UGruntDirectionCell@@A	gruntzmgr	copy
0x00246218	0xc	?s_gruntDirSouthWest_246218@@3UGruntDirectionCell@@A	gruntzmgr	copy
0x00246668	0xc	?s_gruntDirEast_246668@@3UGruntDirectionCell@@A	gruntzwnd	copy
0x00246678	0xc	?s_gruntDirNorth_246678@@3UGruntDirectionCell@@A	gruntzwnd	copy
0x00246688	0xc	?s_gruntDirSouth_246688@@3UGruntDirectionCell@@A	gruntzwnd	copy
0x00246698	0xc	?s_gruntDirWest_246698@@3UGruntDirectionCell@@A	gruntzwnd	copy
0x002466a8	0xc	?s_gruntDirNorthEast_2466a8@@3UGruntDirectionCell@@A	gruntzwnd	copy
0x002466b8	0xc	?s_gruntDirNorthWest_2466b8@@3UGruntDirectionCell@@A	gruntzwnd	copy
0x002466c8	0xc	?s_gruntDirSouthEast_2466c8@@3UGruntDirectionCell@@A	gruntzwnd	copy
0x002466d8	0xc	?s_gruntDirCenter_2466d8@@3UGruntDirectionCell@@A	gruntzwnd	copy
0x002466e8	0xc	?s_gruntDirSouthWest_2466e8@@3UGruntDirectionCell@@A	gruntzwnd	copy
0x00246710	0xc	?s_gruntDirEast_246710@@3UGruntDirectionCell@@A	helpstate	copy
0x00246720	0xc	?s_gruntDirNorth_246720@@3UGruntDirectionCell@@A	helpstate	copy
0x00246730	0xc	?s_gruntDirSouth_246730@@3UGruntDirectionCell@@A	helpstate	copy
0x00246740	0xc	?s_gruntDirWest_246740@@3UGruntDirectionCell@@A	helpstate	copy
0x00246750	0xc	?s_gruntDirNorthEast_246750@@3UGruntDirectionCell@@A	helpstate	copy
0x00246760	0xc	?s_gruntDirNorthWest_246760@@3UGruntDirectionCell@@A	helpstate	copy
0x00246770	0xc	?s_gruntDirSouthEast_246770@@3UGruntDirectionCell@@A	helpstate	copy
0x00246780	0xc	?s_gruntDirCenter_246780@@3UGruntDirectionCell@@A	helpstate	copy
0x00246790	0xc	?s_gruntDirSouthWest_246790@@3UGruntDirectionCell@@A	helpstate	copy
0x002467b8	0x1	$S2381920	ingameicon	copy
0x002467bc	0x1	$S2381924	ingameicon	copy
0x002467c0	0x1	$S2381928	ingameicon	copy
0x002467c8	0xc	?s_gruntDirEast_2467c8@@3UGruntDirectionCell@@A	ingameuilogicdispatch	copy
0x002467d8	0xc	?s_gruntDirNorth_2467d8@@3UGruntDirectionCell@@A	ingameuilogicdispatch	copy
0x002467e8	0xc	?s_gruntDirSouth_2467e8@@3UGruntDirectionCell@@A	ingameuilogicdispatch	copy
0x002467f8	0xc	?s_gruntDirWest_2467f8@@3UGruntDirectionCell@@A	ingameuilogicdispatch	copy
0x00246830	0xc	?s_gruntDirNorthEast_246830@@3UGruntDirectionCell@@A	ingameuilogicdispatch	copy
0x00246840	0xc	?s_gruntDirNorthWest_246840@@3UGruntDirectionCell@@A	ingameuilogicdispatch	copy
0x00246850	0xc	?s_gruntDirSouthEast_246850@@3UGruntDirectionCell@@A	ingameuilogicdispatch	copy
0x00246860	0xc	?s_gruntDirCenter_246860@@3UGruntDirectionCell@@A	ingameuilogicdispatch	copy
0x00246870	0xc	?s_gruntDirSouthWest_246870@@3UGruntDirectionCell@@A	ingameuilogicdispatch	copy
0x00246938	0xc	?s_gruntDirEast_246938@@3UGruntDirectionCell@@A	statedispatch	copy
0x00246948	0xc	?s_gruntDirNorth_246948@@3UGruntDirectionCell@@A	statedispatch	copy
0x00246958	0xc	?s_gruntDirSouth_246958@@3UGruntDirectionCell@@A	statedispatch	copy
0x00246968	0xc	?s_gruntDirWest_246968@@3UGruntDirectionCell@@A	statedispatch	copy
0x00246978	0xc	?s_gruntDirNorthEast_246978@@3UGruntDirectionCell@@A	statedispatch	copy
0x00246988	0xc	?s_gruntDirNorthWest_246988@@3UGruntDirectionCell@@A	statedispatch	copy
0x00246998	0xc	?s_gruntDirSouthEast_246998@@3UGruntDirectionCell@@A	statedispatch	copy
0x002469a8	0xc	?s_gruntDirCenter_2469a8@@3UGruntDirectionCell@@A	statedispatch	copy
0x002469b8	0xc	?s_gruntDirSouthWest_2469b8@@3UGruntDirectionCell@@A	statedispatch	copy
0x002469e0	0x1	_$S58$S	lightfx	copy
0x002469e8	0xc	?s_gruntDirEast_2469e8@@3UGruntDirectionCell@@A	lightfx	copy
0x002469f8	0xc	?s_gruntDirNorth_2469f8@@3UGruntDirectionCell@@A	lightfx	copy
0x00246a08	0xc	?s_gruntDirSouth_246a08@@3UGruntDirectionCell@@A	lightfx	copy
0x00246a18	0xc	?s_gruntDirWest_246a18@@3UGruntDirectionCell@@A	lightfx	copy
0x00246a50	0xc	?s_gruntDirNorthEast_246a50@@3UGruntDirectionCell@@A	lightfx	copy
0x00246a60	0xc	?s_gruntDirNorthWest_246a60@@3UGruntDirectionCell@@A	lightfx	copy
0x00246a70	0xc	?s_gruntDirSouthEast_246a70@@3UGruntDirectionCell@@A	lightfx	copy
0x00246a80	0xc	?s_gruntDirCenter_246a80@@3UGruntDirectionCell@@A	lightfx	copy
0x00246a90	0xc	?s_gruntDirSouthWest_246a90@@3UGruntDirectionCell@@A	lightfx	copy
0x00246ac8	0xc	?s_gruntDirEast_246ac8@@3UGruntDirectionCell@@A	lightfxmgr	copy
0x00246ad8	0xc	?s_gruntDirNorth_246ad8@@3UGruntDirectionCell@@A	lightfxmgr	copy
0x00246ae8	0xc	?s_gruntDirSouth_246ae8@@3UGruntDirectionCell@@A	lightfxmgr	copy
0x00246af8	0xc	?s_gruntDirWest_246af8@@3UGruntDirectionCell@@A	lightfxmgr	copy
0x00246b08	0xc	?s_gruntDirNorthEast_246b08@@3UGruntDirectionCell@@A	lightfxmgr	copy
0x00246b18	0xc	?s_gruntDirNorthWest_246b18@@3UGruntDirectionCell@@A	lightfxmgr	copy
0x00246b28	0xc	?s_gruntDirSouthEast_246b28@@3UGruntDirectionCell@@A	lightfxmgr	copy
0x00246b38	0xc	?s_gruntDirCenter_246b38@@3UGruntDirectionCell@@A	lightfxmgr	copy
0x00246b48	0xc	?s_gruntDirSouthWest_246b48@@3UGruntDirectionCell@@A	lightfxmgr	copy
0x00246b70	0xc	?s_gruntDirEast_246b70@@3UGruntDirectionCell@@A	loadgamemenu	copy
0x00246b80	0xc	?s_gruntDirNorth_246b80@@3UGruntDirectionCell@@A	loadgamemenu	copy
0x00246b90	0xc	?s_gruntDirSouth_246b90@@3UGruntDirectionCell@@A	loadgamemenu	copy
0x00246ba0	0xc	?s_gruntDirWest_246ba0@@3UGruntDirectionCell@@A	loadgamemenu	copy
0x00246bb0	0xc	?s_gruntDirNorthEast_246bb0@@3UGruntDirectionCell@@A	loadgamemenu	copy
0x00246bc0	0xc	?s_gruntDirNorthWest_246bc0@@3UGruntDirectionCell@@A	loadgamemenu	copy
0x00246bd0	0xc	?s_gruntDirSouthEast_246bd0@@3UGruntDirectionCell@@A	loadgamemenu	copy
0x00246be0	0xc	?s_gruntDirCenter_246be0@@3UGruntDirectionCell@@A	loadgamemenu	copy
0x00246bf0	0xc	?s_gruntDirSouthWest_246bf0@@3UGruntDirectionCell@@A	loadgamemenu	copy
0x00246c30	0xc	?s_gruntDirEast_246c30@@3UGruntDirectionCell@@A	mapmgr	copy
0x00246c40	0xc	?s_gruntDirNorth_246c40@@3UGruntDirectionCell@@A	mapmgr	copy
0x00246c50	0xc	?s_gruntDirSouth_246c50@@3UGruntDirectionCell@@A	mapmgr	copy
0x00246c60	0xc	?s_gruntDirWest_246c60@@3UGruntDirectionCell@@A	mapmgr	copy
0x00246c70	0xc	?s_gruntDirNorthEast_246c70@@3UGruntDirectionCell@@A	mapmgr	copy
0x00246c80	0xc	?s_gruntDirNorthWest_246c80@@3UGruntDirectionCell@@A	mapmgr	copy
0x00246c90	0xc	?s_gruntDirSouthEast_246c90@@3UGruntDirectionCell@@A	mapmgr	copy
0x00246ca0	0xc	?s_gruntDirCenter_246ca0@@3UGruntDirectionCell@@A	mapmgr	copy
0x00246cb0	0xc	?s_gruntDirSouthWest_246cb0@@3UGruntDirectionCell@@A	mapmgr	copy
0x00246cf0	0xc	?s_gruntDirEast_246cf0@@3UGruntDirectionCell@@A	mainmenubuilder	copy
0x00246d00	0xc	?s_gruntDirNorth_246d00@@3UGruntDirectionCell@@A	mainmenubuilder	copy
0x00246d10	0xc	?s_gruntDirSouth_246d10@@3UGruntDirectionCell@@A	mainmenubuilder	copy
0x00246d20	0xc	?s_gruntDirWest_246d20@@3UGruntDirectionCell@@A	mainmenubuilder	copy
0x00246d30	0xc	?s_gruntDirNorthEast_246d30@@3UGruntDirectionCell@@A	mainmenubuilder	copy
0x00246d40	0xc	?s_gruntDirNorthWest_246d40@@3UGruntDirectionCell@@A	mainmenubuilder	copy
0x00246d50	0xc	?s_gruntDirSouthEast_246d50@@3UGruntDirectionCell@@A	mainmenubuilder	copy
0x00246d60	0xc	?s_gruntDirCenter_246d60@@3UGruntDirectionCell@@A	mainmenubuilder	copy
0x00246d70	0xc	?s_gruntDirSouthWest_246d70@@3UGruntDirectionCell@@A	mainmenubuilder	copy
0x00246da0	0xc	?s_gruntDirEast_246da0@@3UGruntDirectionCell@@A	lightfxrender	copy
0x00246db0	0xc	?s_gruntDirNorth_246db0@@3UGruntDirectionCell@@A	lightfxrender	copy
0x00246dc0	0xc	?s_gruntDirSouth_246dc0@@3UGruntDirectionCell@@A	lightfxrender	copy
0x00246dd0	0xc	?s_gruntDirWest_246dd0@@3UGruntDirectionCell@@A	lightfxrender	copy
0x00246de0	0xc	?s_gruntDirNorthEast_246de0@@3UGruntDirectionCell@@A	lightfxrender	copy
0x00246df0	0xc	?s_gruntDirNorthWest_246df0@@3UGruntDirectionCell@@A	lightfxrender	copy
0x00246e00	0xc	?s_gruntDirSouthEast_246e00@@3UGruntDirectionCell@@A	lightfxrender	copy
0x00246e10	0xc	?s_gruntDirCenter_246e10@@3UGruntDirectionCell@@A	lightfxrender	copy
0x00246e20	0xc	?s_gruntDirSouthWest_246e20@@3UGruntDirectionCell@@A	lightfxrender	copy
0x00246e6c	0x1	_$S31$S	anicycle	copy
0x00246e70	0xc	?s_gruntDirEast_246e70@@3UGruntDirectionCell@@A	visualandmarkerlogicdispatch	copy
0x00246e7c	0x1	_$S31$S	simpleanimation	copy
0x00246e80	0x1	_$S31$S	singleframemessage	copy
0x00246e84	0x1	_$S31$S	behindcandyani	copy
0x00246e88	0x1	_$S31$S	frontcandyani	copy
0x00246e8c	0x1	_$S31$S	logicdispatchinit	copy
0x00246e90	0xc	?s_gruntDirNorth_246e90@@3UGruntDirectionCell@@A	visualandmarkerlogicdispatch	copy
0x00246e9c	0x1	$S2383684	singleanimation	copy
0x00246ea0	0x1	_$S31$S	menusparkle	copy
0x00246ea8	0xc	?s_gruntDirSouth_246ea8@@3UGruntDirectionCell@@A	visualandmarkerlogicdispatch	copy
0x00246eb8	0xc	?s_gruntDirWest_246eb8@@3UGruntDirectionCell@@A	visualandmarkerlogicdispatch	copy
0x00246f18	0xc	?s_gruntDirNorthEast_246f18@@3UGruntDirectionCell@@A	visualandmarkerlogicdispatch	copy
0x00246f28	0xc	?s_gruntDirNorthWest_246f28@@3UGruntDirectionCell@@A	visualandmarkerlogicdispatch	copy
0x00246f38	0xc	?s_gruntDirSouthEast_246f38@@3UGruntDirectionCell@@A	visualandmarkerlogicdispatch	copy
0x00246f48	0xc	?s_gruntDirCenter_246f48@@3UGruntDirectionCell@@A	visualandmarkerlogicdispatch	copy
0x00246f58	0xc	?s_gruntDirSouthWest_246f58@@3UGruntDirectionCell@@A	visualandmarkerlogicdispatch	copy
0x00247090	0x1	_$S31$S	spotlight	copy
0x00247094	0x1	_$S31$S	rollingball	copy
0x00247098	0xc	?s_gruntDirEast_247098@@3UGruntDirectionCell@@A	hazardlogicdispatch	copy
0x002470a4	0x1	_$S31$S	pathhazard	copy
0x002470a8	0x1	_$S31$S	kitchenslime	copy
0x002470b0	0xc	?s_gruntDirNorth_2470b0@@3UGruntDirectionCell@@A	hazardlogicdispatch	copy
0x002470c0	0xc	?s_gruntDirSouth_2470c0@@3UGruntDirectionCell@@A	hazardlogicdispatch	copy
0x002470d0	0xc	?s_gruntDirWest_2470d0@@3UGruntDirectionCell@@A	hazardlogicdispatch	copy
0x00247130	0xc	?s_gruntDirNorthEast_247130@@3UGruntDirectionCell@@A	hazardlogicdispatch	copy
0x00247140	0xc	?s_gruntDirNorthWest_247140@@3UGruntDirectionCell@@A	hazardlogicdispatch	copy
0x00247150	0xc	?s_gruntDirSouthEast_247150@@3UGruntDirectionCell@@A	hazardlogicdispatch	copy
0x00247160	0xc	?s_gruntDirCenter_247160@@3UGruntDirectionCell@@A	hazardlogicdispatch	copy
0x00247170	0xc	?s_gruntDirSouthWest_247170@@3UGruntDirectionCell@@A	hazardlogicdispatch	copy
0x00247290	0xc	?s_gruntDirEast_247290@@3UGruntDirectionCell@@A	multi	copy
0x002472a0	0xc	?s_gruntDirNorth_2472a0@@3UGruntDirectionCell@@A	multi	copy
0x002472b0	0xc	?s_gruntDirSouth_2472b0@@3UGruntDirectionCell@@A	multi	copy
0x002472c0	0xc	?s_gruntDirWest_2472c0@@3UGruntDirectionCell@@A	multi	copy
0x002476e0	0xc	?s_gruntDirNorthEast_2476e0@@3UGruntDirectionCell@@A	multi	copy
0x002476f0	0xc	?s_gruntDirNorthWest_2476f0@@3UGruntDirectionCell@@A	multi	copy
0x00247700	0xc	?s_gruntDirSouthEast_247700@@3UGruntDirectionCell@@A	multi	copy
0x00247710	0xc	?s_gruntDirCenter_247710@@3UGruntDirectionCell@@A	multi	copy
0x00247720	0xc	?s_gruntDirSouthWest_247720@@3UGruntDirectionCell@@A	multi	copy
0x0024a578	0xc	?s_gruntDirEast_24a578@@3UGruntDirectionCell@@A	netlobbydialogs	copy
0x0024a588	0xc	?s_gruntDirNorth_24a588@@3UGruntDirectionCell@@A	netlobbydialogs	copy
0x0024a598	0xc	?s_gruntDirSouth_24a598@@3UGruntDirectionCell@@A	netlobbydialogs	copy
0x0024a5a8	0xc	?s_gruntDirWest_24a5a8@@3UGruntDirectionCell@@A	netlobbydialogs	copy
0x0024a5b8	0xc	?s_gruntDirNorthEast_24a5b8@@3UGruntDirectionCell@@A	netlobbydialogs	copy
0x0024a5c8	0xc	?s_gruntDirNorthWest_24a5c8@@3UGruntDirectionCell@@A	netlobbydialogs	copy
0x0024a5d8	0xc	?s_gruntDirSouthEast_24a5d8@@3UGruntDirectionCell@@A	netlobbydialogs	copy
0x0024a5e8	0xc	?s_gruntDirCenter_24a5e8@@3UGruntDirectionCell@@A	netlobbydialogs	copy
0x0024a5f8	0xc	?s_gruntDirSouthWest_24a5f8@@3UGruntDirectionCell@@A	netlobbydialogs	copy
0x0024a640	0xc	?s_gruntDirEast_24a640@@3UGruntDirectionCell@@A	multihelpdlg	copy
0x0024a650	0xc	?s_gruntDirNorth_24a650@@3UGruntDirectionCell@@A	multihelpdlg	copy
0x0024a660	0xc	?s_gruntDirSouth_24a660@@3UGruntDirectionCell@@A	multihelpdlg	copy
0x0024a670	0xc	?s_gruntDirWest_24a670@@3UGruntDirectionCell@@A	multihelpdlg	copy
0x0024a680	0xc	?s_gruntDirNorthEast_24a680@@3UGruntDirectionCell@@A	multihelpdlg	copy
0x0024a690	0xc	?s_gruntDirNorthWest_24a690@@3UGruntDirectionCell@@A	multihelpdlg	copy
0x0024a6a0	0xc	?s_gruntDirSouthEast_24a6a0@@3UGruntDirectionCell@@A	multihelpdlg	copy
0x0024a6b0	0xc	?s_gruntDirCenter_24a6b0@@3UGruntDirectionCell@@A	multihelpdlg	copy
0x0024a6c0	0xc	?s_gruntDirSouthWest_24a6c0@@3UGruntDirectionCell@@A	multihelpdlg	copy
0x0024a768	0x1	_$S58$S	netcmdslot	copy
0x0024a770	0xc	?s_gruntDirEast_24a770@@3UGruntDirectionCell@@A	netsessionmgr	copy
0x0024a780	0xc	?s_gruntDirNorth_24a780@@3UGruntDirectionCell@@A	netsessionmgr	copy
0x0024a790	0xc	?s_gruntDirSouth_24a790@@3UGruntDirectionCell@@A	netsessionmgr	copy
0x0024a7a0	0xc	?s_gruntDirWest_24a7a0@@3UGruntDirectionCell@@A	netsessionmgr	copy
0x0024b3b0	0xc	?s_gruntDirNorthEast_24b3b0@@3UGruntDirectionCell@@A	netsessionmgr	copy
0x0024b3c0	0xc	?s_gruntDirNorthWest_24b3c0@@3UGruntDirectionCell@@A	netsessionmgr	copy
0x0024b3d0	0xc	?s_gruntDirSouthEast_24b3d0@@3UGruntDirectionCell@@A	netsessionmgr	copy
0x0024b3e0	0xc	?s_gruntDirCenter_24b3e0@@3UGruntDirectionCell@@A	netsessionmgr	copy
0x0024b3f0	0xc	?s_gruntDirSouthWest_24b3f0@@3UGruntDirectionCell@@A	netsessionmgr	copy
0x0024c5b8	0xc	?s_gruntDirEast_24c5b8@@3UGruntDirectionCell@@A	netcmdslot	copy
0x0024c5c8	0xc	?s_gruntDirNorth_24c5c8@@3UGruntDirectionCell@@A	netcmdslot	copy
0x0024c5d8	0xc	?s_gruntDirSouth_24c5d8@@3UGruntDirectionCell@@A	netcmdslot	copy
0x0024c5e8	0xc	?s_gruntDirWest_24c5e8@@3UGruntDirectionCell@@A	netcmdslot	copy
0x0024ca88	0xc	?s_gruntDirNorthEast_24ca88@@3UGruntDirectionCell@@A	netcmdslot	copy
0x0024ca98	0xc	?s_gruntDirNorthWest_24ca98@@3UGruntDirectionCell@@A	netcmdslot	copy
0x0024caa8	0xc	?s_gruntDirSouthEast_24caa8@@3UGruntDirectionCell@@A	netcmdslot	copy
0x0024cab8	0xc	?s_gruntDirCenter_24cab8@@3UGruntDirectionCell@@A	netcmdslot	copy
0x0024cac8	0xc	?s_gruntDirSouthWest_24cac8@@3UGruntDirectionCell@@A	netcmdslot	copy
0x0024cc78	0xc	?s_gruntDirEast_24cc78@@3UGruntDirectionCell@@A	multistartdlg	copy
0x0024cc88	0xc	?s_gruntDirNorth_24cc88@@3UGruntDirectionCell@@A	multistartdlg	copy
0x0024cc98	0xc	?s_gruntDirSouth_24cc98@@3UGruntDirectionCell@@A	multistartdlg	copy
0x0024cca8	0xc	?s_gruntDirWest_24cca8@@3UGruntDirectionCell@@A	multistartdlg	copy
0x0024ccb8	0xc	?s_gruntDirNorthEast_24ccb8@@3UGruntDirectionCell@@A	multistartdlg	copy
0x0024ccc8	0xc	?s_gruntDirNorthWest_24ccc8@@3UGruntDirectionCell@@A	multistartdlg	copy
0x0024ccd8	0xc	?s_gruntDirSouthEast_24ccd8@@3UGruntDirectionCell@@A	multistartdlg	copy
0x0024cce8	0xc	?s_gruntDirCenter_24cce8@@3UGruntDirectionCell@@A	multistartdlg	copy
0x0024ccf8	0xc	?s_gruntDirSouthWest_24ccf8@@3UGruntDirectionCell@@A	multistartdlg	copy
0x0024cd68	0x1	$S2407952	droppedobject	copy
0x0024cd6c	0x1	$S2407956	droppedobject	copy
0x0024cd70	0x1	$S2407960	droppedobject	copy
0x0024cd78	0xc	?s_gruntDirEast_24cd78@@3UGruntDirectionCell@@A	droppedobject	copy
0x0024cd88	0xc	?s_gruntDirNorth_24cd88@@3UGruntDirectionCell@@A	droppedobject	copy
0x0024cd98	0xc	?s_gruntDirSouth_24cd98@@3UGruntDirectionCell@@A	droppedobject	copy
0x0024cda8	0xc	?s_gruntDirWest_24cda8@@3UGruntDirectionCell@@A	droppedobject	copy
0x0024cdb8	0xc	?s_gruntDirNorthEast_24cdb8@@3UGruntDirectionCell@@A	droppedobject	copy
0x0024cdc8	0xc	?s_gruntDirNorthWest_24cdc8@@3UGruntDirectionCell@@A	droppedobject	copy
0x0024cdd8	0xc	?s_gruntDirSouthEast_24cdd8@@3UGruntDirectionCell@@A	droppedobject	copy
0x0024ce10	0xc	?s_gruntDirCenter_24ce10@@3UGruntDirectionCell@@A	droppedobject	copy
0x0024ce20	0xc	?s_gruntDirSouthWest_24ce20@@3UGruntDirectionCell@@A	droppedobject	copy
0x0024cf38	0xc	?s_gruntDirEast_24cf38@@3UGruntDirectionCell@@A	play	copy
0x0024cf48	0xc	?s_gruntDirNorth_24cf48@@3UGruntDirectionCell@@A	play	copy
0x0024cf58	0xc	?s_gruntDirSouth_24cf58@@3UGruntDirectionCell@@A	play	copy
0x0024cf68	0xc	?s_gruntDirWest_24cf68@@3UGruntDirectionCell@@A	play	copy
0x0024cf74	0x1	_?$S@?1??LoadScrollSpeedOptions@CPlay@@QAEHXZ@4EA$S	play	copy
0x0024d178	0xc	?s_gruntDirNorthEast_24d178@@3UGruntDirectionCell@@A	play	copy
0x0024d184	0x1	_?$S@?4??GetAmbientId@CPlay@@QAEHXZ@4EA$S	play	copy
0x0024d188	0xc	?s_gruntDirNorthWest_24d188@@3UGruntDirectionCell@@A	play	copy
0x0024d198	0xc	?s_gruntDirSouthEast_24d198@@3UGruntDirectionCell@@A	play	copy
0x0024d1a8	0xc	?s_gruntDirCenter_24d1a8@@3UGruntDirectionCell@@A	play	copy
0x0024d1b8	0xc	?s_gruntDirSouthWest_24d1b8@@3UGruntDirectionCell@@A	play	copy
0x0024d308	0xc	?s_gruntDirEast_24d308@@3UGruntDirectionCell@@A	gruntzplayer	copy
0x0024d318	0xc	?s_gruntDirNorth_24d318@@3UGruntDirectionCell@@A	gruntzplayer	copy
0x0024d328	0xc	?s_gruntDirSouth_24d328@@3UGruntDirectionCell@@A	gruntzplayer	copy
0x0024d338	0xc	?s_gruntDirWest_24d338@@3UGruntDirectionCell@@A	gruntzplayer	copy
0x0024d390	0xc	?s_gruntDirNorthEast_24d390@@3UGruntDirectionCell@@A	gruntzplayer	copy
0x0024d3a0	0xc	?s_gruntDirNorthWest_24d3a0@@3UGruntDirectionCell@@A	gruntzplayer	copy
0x0024d3b0	0xc	?s_gruntDirSouthEast_24d3b0@@3UGruntDirectionCell@@A	gruntzplayer	copy
0x0024d3c0	0xc	?s_gruntDirCenter_24d3c0@@3UGruntDirectionCell@@A	gruntzplayer	copy
0x0024d3d0	0xc	?s_gruntDirSouthWest_24d3d0@@3UGruntDirectionCell@@A	gruntzplayer	copy
0x0024d4a0	0xc	?s_gruntDirEast_24d4a0@@3UGruntDirectionCell@@A	playassetload	copy
0x0024d4b0	0xc	?s_gruntDirNorth_24d4b0@@3UGruntDirectionCell@@A	playassetload	copy
0x0024d4c0	0xc	?s_gruntDirSouth_24d4c0@@3UGruntDirectionCell@@A	playassetload	copy
0x0024d4d0	0xc	?s_gruntDirWest_24d4d0@@3UGruntDirectionCell@@A	playassetload	copy
0x0024d4e0	0xc	?s_gruntDirNorthEast_24d4e0@@3UGruntDirectionCell@@A	playassetload	copy
0x0024d4f0	0xc	?s_gruntDirNorthWest_24d4f0@@3UGruntDirectionCell@@A	playassetload	copy
0x0024d500	0xc	?s_gruntDirSouthEast_24d500@@3UGruntDirectionCell@@A	playassetload	copy
0x0024d510	0xc	?s_gruntDirCenter_24d510@@3UGruntDirectionCell@@A	playassetload	copy
0x0024d520	0xc	?s_gruntDirSouthWest_24d520@@3UGruntDirectionCell@@A	playassetload	copy
0x0024d568	0xc	?s_gruntDirEast_24d568@@3UGruntDirectionCell@@A	levelpreview	copy
0x0024d578	0xc	?s_gruntDirNorth_24d578@@3UGruntDirectionCell@@A	levelpreview	copy
0x0024d588	0xc	?s_gruntDirSouth_24d588@@3UGruntDirectionCell@@A	levelpreview	copy
0x0024d598	0xc	?s_gruntDirWest_24d598@@3UGruntDirectionCell@@A	levelpreview	copy
0x0024d5a8	0xc	?s_gruntDirNorthEast_24d5a8@@3UGruntDirectionCell@@A	levelpreview	copy
0x0024d5b8	0xc	?s_gruntDirNorthWest_24d5b8@@3UGruntDirectionCell@@A	levelpreview	copy
0x0024d5c8	0xc	?s_gruntDirSouthEast_24d5c8@@3UGruntDirectionCell@@A	levelpreview	copy
0x0024d5d8	0xc	?s_gruntDirCenter_24d5d8@@3UGruntDirectionCell@@A	levelpreview	copy
0x0024d5e8	0xc	?s_gruntDirSouthWest_24d5e8@@3UGruntDirectionCell@@A	levelpreview	copy
0x0024d618	0x1	$S2410176	projectile	copy
0x0024d61c	0x1	$S2410180	projectile	copy
0x0024d620	0xc	?s_gruntDirEast_24d620@@3UGruntDirectionCell@@A	logicrecorddispatch	copy
0x0024d630	0xc	?s_gruntDirNorth_24d630@@3UGruntDirectionCell@@A	logicrecorddispatch	copy
0x0024d640	0xc	?s_gruntDirSouth_24d640@@3UGruntDirectionCell@@A	logicrecorddispatch	copy
0x0024d650	0xc	?s_gruntDirWest_24d650@@3UGruntDirectionCell@@A	logicrecorddispatch	copy
0x0024d660	0xc	?s_gruntDirNorthEast_24d660@@3UGruntDirectionCell@@A	logicrecorddispatch	copy
0x0024d670	0xc	?s_gruntDirNorthWest_24d670@@3UGruntDirectionCell@@A	logicrecorddispatch	copy
0x0024d680	0xc	?s_gruntDirSouthEast_24d680@@3UGruntDirectionCell@@A	logicrecorddispatch	copy
0x0024d690	0xc	?s_gruntDirCenter_24d690@@3UGruntDirectionCell@@A	logicrecorddispatch	copy
0x0024d6a0	0xc	?s_gruntDirSouthWest_24d6a0@@3UGruntDirectionCell@@A	logicrecorddispatch	copy
0x0024d730	0xc	_s_gruntDirSouth$S	savegamedialogs	copy
0x0024d740	0xc	_s_gruntDirEast$S	savegamedialogs	copy
0x0024d750	0xc	_s_gruntDirNorthEast$S	savegamedialogs	copy
0x0024d760	0xc	_s_gruntDirSouthEast$S	savegamedialogs	copy
0x0024d770	0xc	?s_gruntDirNorthEast_24d770@@3UGruntDirectionCell@@A	savegamedialogs	copy
0x0024d780	0xc	?s_gruntDirNorthWest_24d780@@3UGruntDirectionCell@@A	savegamedialogs	copy
0x0024d790	0xc	?s_gruntDirSouthEast_24d790@@3UGruntDirectionCell@@A	savegamedialogs	copy
0x0024d7a0	0xc	?s_gruntDirCenter_24d7a0@@3UGruntDirectionCell@@A	savegamedialogs	copy
0x0024d7b0	0xc	?s_gruntDirSouthWest_24d7b0@@3UGruntDirectionCell@@A	savegamedialogs	copy
0x0024d7e8	0xc	?s_gruntDirEast_24d7e8@@3UGruntDirectionCell@@A	savegame	copy
0x0024d7f8	0xc	?s_gruntDirNorth_24d7f8@@3UGruntDirectionCell@@A	savegame	copy
0x0024d808	0xc	?s_gruntDirSouth_24d808@@3UGruntDirectionCell@@A	savegame	copy
0x0024d818	0xc	?s_gruntDirWest_24d818@@3UGruntDirectionCell@@A	savegame	copy
0x0024d828	0xc	?s_gruntDirNorthEast_24d828@@3UGruntDirectionCell@@A	savegame	copy
0x0024d838	0xc	?s_gruntDirNorthWest_24d838@@3UGruntDirectionCell@@A	savegame	copy
0x0024d848	0xc	?s_gruntDirSouthEast_24d848@@3UGruntDirectionCell@@A	savegame	copy
0x0024d858	0xc	?s_gruntDirCenter_24d858@@3UGruntDirectionCell@@A	savegame	copy
0x0024d868	0xc	?s_gruntDirSouthWest_24d868@@3UGruntDirectionCell@@A	savegame	copy
0x0024d890	0xc	?s_gruntDirEast_24d890@@3UGruntDirectionCell@@A	aniplayer	copy
0x0024d8a0	0xc	?s_gruntDirNorth_24d8a0@@3UGruntDirectionCell@@A	aniplayer	copy
0x0024d8b0	0xc	?s_gruntDirSouth_24d8b0@@3UGruntDirectionCell@@A	aniplayer	copy
0x0024d8c0	0xc	?s_gruntDirWest_24d8c0@@3UGruntDirectionCell@@A	aniplayer	copy
0x0024d8d0	0xc	?s_gruntDirNorthEast_24d8d0@@3UGruntDirectionCell@@A	aniplayer	copy
0x0024d8e0	0xc	?s_gruntDirNorthWest_24d8e0@@3UGruntDirectionCell@@A	aniplayer	copy
0x0024d8f0	0xc	?s_gruntDirSouthEast_24d8f0@@3UGruntDirectionCell@@A	aniplayer	copy
0x0024d900	0xc	?s_gruntDirCenter_24d900@@3UGruntDirectionCell@@A	aniplayer	copy
0x0024d910	0xc	?s_gruntDirSouthWest_24d910@@3UGruntDirectionCell@@A	aniplayer	copy
0x0024d938	0xc	?s_gruntDirEast_24d938@@3UGruntDirectionCell@@A	sbi_wellgoo	copy
0x0024d948	0xc	?s_gruntDirNorth_24d948@@3UGruntDirectionCell@@A	sbi_wellgoo	copy
0x0024d958	0xc	?s_gruntDirSouth_24d958@@3UGruntDirectionCell@@A	sbi_wellgoo	copy
0x0024d968	0xc	?s_gruntDirWest_24d968@@3UGruntDirectionCell@@A	sbi_wellgoo	copy
0x0024d978	0xc	?s_gruntDirNorthEast_24d978@@3UGruntDirectionCell@@A	sbi_wellgoo	copy
0x0024d988	0xc	?s_gruntDirNorthWest_24d988@@3UGruntDirectionCell@@A	sbi_wellgoo	copy
0x0024d998	0xc	?s_gruntDirSouthEast_24d998@@3UGruntDirectionCell@@A	sbi_wellgoo	copy
0x0024d9a8	0xc	?s_gruntDirCenter_24d9a8@@3UGruntDirectionCell@@A	sbi_wellgoo	copy
0x0024d9b8	0xc	?s_gruntDirSouthWest_24d9b8@@3UGruntDirectionCell@@A	sbi_wellgoo	copy
0x0024d9e0	0xc	?s_gruntDirEast_24d9e0@@3UGruntDirectionCell@@A	sbi_image	copy
0x0024d9f0	0xc	?s_gruntDirNorth_24d9f0@@3UGruntDirectionCell@@A	sbi_image	copy
0x0024da00	0xc	?s_gruntDirSouth_24da00@@3UGruntDirectionCell@@A	sbi_image	copy
0x0024da10	0xc	?s_gruntDirWest_24da10@@3UGruntDirectionCell@@A	sbi_image	copy
0x0024da20	0xc	?s_gruntDirNorthEast_24da20@@3UGruntDirectionCell@@A	sbi_image	copy
0x0024da30	0xc	?s_gruntDirNorthWest_24da30@@3UGruntDirectionCell@@A	sbi_image	copy
0x0024da40	0xc	?s_gruntDirSouthEast_24da40@@3UGruntDirectionCell@@A	sbi_image	copy
0x0024da50	0xc	?s_gruntDirCenter_24da50@@3UGruntDirectionCell@@A	sbi_image	copy
0x0024da60	0xc	?s_gruntDirSouthWest_24da60@@3UGruntDirectionCell@@A	sbi_image	copy
0x0024da88	0xc	?s_gruntDirEast_24da88@@3UGruntDirectionCell@@A	sbi_imageset	copy
0x0024da98	0xc	?s_gruntDirNorth_24da98@@3UGruntDirectionCell@@A	sbi_imageset	copy
0x0024daa8	0xc	?s_gruntDirSouth_24daa8@@3UGruntDirectionCell@@A	sbi_imageset	copy
0x0024dab8	0xc	?s_gruntDirWest_24dab8@@3UGruntDirectionCell@@A	sbi_imageset	copy
0x0024dac8	0xc	?s_gruntDirNorthEast_24dac8@@3UGruntDirectionCell@@A	sbi_imageset	copy
0x0024dad8	0xc	?s_gruntDirNorthWest_24dad8@@3UGruntDirectionCell@@A	sbi_imageset	copy
0x0024dae8	0xc	?s_gruntDirSouthEast_24dae8@@3UGruntDirectionCell@@A	sbi_imageset	copy
0x0024daf8	0xc	?s_gruntDirCenter_24daf8@@3UGruntDirectionCell@@A	sbi_imageset	copy
0x0024db08	0xc	?s_gruntDirSouthWest_24db08@@3UGruntDirectionCell@@A	sbi_imageset	copy
0x0024db30	0xc	?s_gruntDirEast_24db30@@3UGruntDirectionCell@@A	sbi_imagesetani	copy
0x0024db40	0xc	?s_gruntDirNorth_24db40@@3UGruntDirectionCell@@A	sbi_imagesetani	copy
0x0024db50	0xc	?s_gruntDirSouth_24db50@@3UGruntDirectionCell@@A	sbi_imagesetani	copy
0x0024db60	0xc	?s_gruntDirWest_24db60@@3UGruntDirectionCell@@A	sbi_imagesetani	copy
0x0024db70	0xc	?s_gruntDirNorthEast_24db70@@3UGruntDirectionCell@@A	sbi_imagesetani	copy
0x0024db80	0xc	?s_gruntDirNorthWest_24db80@@3UGruntDirectionCell@@A	sbi_imagesetani	copy
0x0024db90	0xc	?s_gruntDirSouthEast_24db90@@3UGruntDirectionCell@@A	sbi_imagesetani	copy
0x0024dba0	0xc	?s_gruntDirCenter_24dba0@@3UGruntDirectionCell@@A	sbi_imagesetani	copy
0x0024dbb0	0xc	?s_gruntDirSouthWest_24dbb0@@3UGruntDirectionCell@@A	sbi_imagesetani	copy
0x0024dbd8	0xc	?s_gruntDirEast_24dbd8@@3UGruntDirectionCell@@A	sbi_menuitem	copy
0x0024dbe8	0xc	?s_gruntDirNorth_24dbe8@@3UGruntDirectionCell@@A	sbi_menuitem	copy
0x0024dbf8	0xc	?s_gruntDirSouth_24dbf8@@3UGruntDirectionCell@@A	sbi_menuitem	copy
0x0024dc08	0xc	?s_gruntDirWest_24dc08@@3UGruntDirectionCell@@A	sbi_menuitem	copy
0x0024dc18	0xc	?s_gruntDirNorthEast_24dc18@@3UGruntDirectionCell@@A	sbi_menuitem	copy
0x0024dc28	0xc	?s_gruntDirNorthWest_24dc28@@3UGruntDirectionCell@@A	sbi_menuitem	copy
0x0024dc38	0xc	?s_gruntDirSouthEast_24dc38@@3UGruntDirectionCell@@A	sbi_menuitem	copy
0x0024dc48	0xc	?s_gruntDirCenter_24dc48@@3UGruntDirectionCell@@A	sbi_menuitem	copy
0x0024dc58	0xc	?s_gruntDirSouthWest_24dc58@@3UGruntDirectionCell@@A	sbi_menuitem	copy
0x0024dc80	0xc	?s_gruntDirEast_24dc80@@3UGruntDirectionCell@@A	statusbartabbuilders	copy
0x0024dc90	0xc	?s_gruntDirNorth_24dc90@@3UGruntDirectionCell@@A	statusbartabbuilders	copy
0x0024dca0	0xc	?s_gruntDirSouth_24dca0@@3UGruntDirectionCell@@A	statusbartabbuilders	copy
0x0024dcb0	0xc	?s_gruntDirWest_24dcb0@@3UGruntDirectionCell@@A	statusbartabbuilders	copy
0x0024dcc0	0xc	?s_gruntDirNorthEast_24dcc0@@3UGruntDirectionCell@@A	statusbartabbuilders	copy
0x0024dcd0	0xc	?s_gruntDirNorthWest_24dcd0@@3UGruntDirectionCell@@A	statusbartabbuilders	copy
0x0024dce0	0xc	?s_gruntDirSouthEast_24dce0@@3UGruntDirectionCell@@A	statusbartabbuilders	copy
0x0024dcf0	0xc	?s_gruntDirCenter_24dcf0@@3UGruntDirectionCell@@A	statusbartabbuilders	copy
0x0024dd00	0xc	?s_gruntDirSouthWest_24dd00@@3UGruntDirectionCell@@A	statusbartabbuilders	copy
0x0024dd28	0xc	?s_gruntDirEast_24dd28@@3UGruntDirectionCell@@A	sbi_sidetab	copy
0x0024dd38	0xc	?s_gruntDirNorth_24dd38@@3UGruntDirectionCell@@A	sbi_sidetab	copy
0x0024dd48	0xc	?s_gruntDirSouth_24dd48@@3UGruntDirectionCell@@A	sbi_sidetab	copy
0x0024dd58	0xc	?s_gruntDirWest_24dd58@@3UGruntDirectionCell@@A	sbi_sidetab	copy
0x0024dd68	0xc	?s_gruntDirNorthEast_24dd68@@3UGruntDirectionCell@@A	sbi_sidetab	copy
0x0024dd78	0xc	?s_gruntDirNorthWest_24dd78@@3UGruntDirectionCell@@A	sbi_sidetab	copy
0x0024dd88	0xc	?s_gruntDirSouthEast_24dd88@@3UGruntDirectionCell@@A	sbi_sidetab	copy
0x0024dd98	0xc	?s_gruntDirCenter_24dd98@@3UGruntDirectionCell@@A	sbi_sidetab	copy
0x0024dda8	0xc	?s_gruntDirSouthWest_24dda8@@3UGruntDirectionCell@@A	sbi_sidetab	copy
0x0024ddd0	0xc	?s_gruntDirEast_24ddd0@@3UGruntDirectionCell@@A	sbi_statztabarrow	copy
0x0024dde0	0xc	?s_gruntDirNorth_24dde0@@3UGruntDirectionCell@@A	sbi_statztabarrow	copy
0x0024ddf0	0xc	?s_gruntDirSouth_24ddf0@@3UGruntDirectionCell@@A	sbi_statztabarrow	copy
0x0024de00	0xc	?s_gruntDirWest_24de00@@3UGruntDirectionCell@@A	sbi_statztabarrow	copy
0x0024de10	0xc	?s_gruntDirNorthEast_24de10@@3UGruntDirectionCell@@A	sbi_statztabarrow	copy
0x0024de20	0xc	?s_gruntDirNorthWest_24de20@@3UGruntDirectionCell@@A	sbi_statztabarrow	copy
0x0024de30	0xc	?s_gruntDirSouthEast_24de30@@3UGruntDirectionCell@@A	sbi_statztabarrow	copy
0x0024de40	0xc	?s_gruntDirCenter_24de40@@3UGruntDirectionCell@@A	sbi_statztabarrow	copy
0x0024de50	0xc	?s_gruntDirSouthWest_24de50@@3UGruntDirectionCell@@A	sbi_statztabarrow	copy
0x0024de78	0xc	?s_gruntDirEast_24de78@@3UGruntDirectionCell@@A	cmdscrollapply	copy
0x0024de88	0xc	?s_gruntDirNorth_24de88@@3UGruntDirectionCell@@A	cmdscrollapply	copy
0x0024de98	0xc	?s_gruntDirSouth_24de98@@3UGruntDirectionCell@@A	cmdscrollapply	copy
0x0024dea8	0xc	?s_gruntDirWest_24dea8@@3UGruntDirectionCell@@A	cmdscrollapply	copy
0x0024deb8	0xc	?s_gruntDirNorthEast_24deb8@@3UGruntDirectionCell@@A	cmdscrollapply	copy
0x0024dec8	0xc	?s_gruntDirNorthWest_24dec8@@3UGruntDirectionCell@@A	cmdscrollapply	copy
0x0024ded8	0xc	?s_gruntDirSouthEast_24ded8@@3UGruntDirectionCell@@A	cmdscrollapply	copy
0x0024dee8	0xc	?s_gruntDirCenter_24dee8@@3UGruntDirectionCell@@A	cmdscrollapply	copy
0x0024def8	0xc	?s_gruntDirSouthWest_24def8@@3UGruntDirectionCell@@A	cmdscrollapply	copy
0x0024df58	0xc	?s_gruntDirEast_24df58@@3UGruntDirectionCell@@A	gruntarrivalscan	copy
0x0024df68	0xc	?s_gruntDirNorth_24df68@@3UGruntDirectionCell@@A	gruntarrivalscan	copy
0x0024df78	0xc	?s_gruntDirSouth_24df78@@3UGruntDirectionCell@@A	gruntarrivalscan	copy
0x0024df88	0xc	?s_gruntDirWest_24df88@@3UGruntDirectionCell@@A	gruntarrivalscan	copy
0x0024df98	0xc	?s_gruntDirNorthEast_24df98@@3UGruntDirectionCell@@A	gruntarrivalscan	copy
0x0024dfa8	0xc	?s_gruntDirNorthWest_24dfa8@@3UGruntDirectionCell@@A	gruntarrivalscan	copy
0x0024dfb8	0xc	?s_gruntDirSouthEast_24dfb8@@3UGruntDirectionCell@@A	gruntarrivalscan	copy
0x0024dfc8	0xc	?s_gruntDirCenter_24dfc8@@3UGruntDirectionCell@@A	gruntarrivalscan	copy
0x0024dfd8	0xc	?s_gruntDirSouthWest_24dfd8@@3UGruntDirectionCell@@A	gruntarrivalscan	copy
0x0024e000	0xc	?s_gruntDirEast_24e000@@3UGruntDirectionCell@@A	gruntbricklayerstep	copy
0x0024e010	0xc	?s_gruntDirNorth_24e010@@3UGruntDirectionCell@@A	gruntbricklayerstep	copy
0x0024e020	0xc	?s_gruntDirSouth_24e020@@3UGruntDirectionCell@@A	gruntbricklayerstep	copy
0x0024e030	0xc	?s_gruntDirWest_24e030@@3UGruntDirectionCell@@A	gruntbricklayerstep	copy
0x0024e040	0xc	?s_gruntDirNorthEast_24e040@@3UGruntDirectionCell@@A	gruntbricklayerstep	copy
0x0024e050	0xc	?s_gruntDirNorthWest_24e050@@3UGruntDirectionCell@@A	gruntbricklayerstep	copy
0x0024e060	0xc	?s_gruntDirSouthEast_24e060@@3UGruntDirectionCell@@A	gruntbricklayerstep	copy
0x0024e070	0xc	?s_gruntDirCenter_24e070@@3UGruntDirectionCell@@A	gruntbricklayerstep	copy
0x0024e080	0xc	?s_gruntDirSouthWest_24e080@@3UGruntDirectionCell@@A	gruntbricklayerstep	copy
0x0024e0a8	0xc	?s_gruntDirEast_24e0a8@@3UGruntDirectionCell@@A	gruntwanderstep	copy
0x0024e0b8	0xc	?s_gruntDirNorth_24e0b8@@3UGruntDirectionCell@@A	gruntwanderstep	copy
0x0024e0c8	0xc	?s_gruntDirSouth_24e0c8@@3UGruntDirectionCell@@A	gruntwanderstep	copy
0x0024e0d8	0xc	?s_gruntDirWest_24e0d8@@3UGruntDirectionCell@@A	gruntwanderstep	copy
0x0024e0e8	0xc	?s_gruntDirNorthEast_24e0e8@@3UGruntDirectionCell@@A	gruntwanderstep	copy
0x0024e0f8	0xc	?s_gruntDirNorthWest_24e0f8@@3UGruntDirectionCell@@A	gruntwanderstep	copy
0x0024e108	0xc	?s_gruntDirSouthEast_24e108@@3UGruntDirectionCell@@A	gruntwanderstep	copy
0x0024e118	0xc	?s_gruntDirCenter_24e118@@3UGruntDirectionCell@@A	gruntwanderstep	copy
0x0024e128	0xc	?s_gruntDirSouthWest_24e128@@3UGruntDirectionCell@@A	gruntwanderstep	copy
0x0024e150	0xc	?s_gruntDirEast_24e150@@3UGruntDirectionCell@@A	gruntreticlescan	copy
0x0024e160	0xc	?s_gruntDirNorth_24e160@@3UGruntDirectionCell@@A	gruntreticlescan	copy
0x0024e170	0xc	?s_gruntDirSouth_24e170@@3UGruntDirectionCell@@A	gruntreticlescan	copy
0x0024e180	0xc	?s_gruntDirWest_24e180@@3UGruntDirectionCell@@A	gruntreticlescan	copy
0x0024e190	0xc	?s_gruntDirNorthEast_24e190@@3UGruntDirectionCell@@A	gruntreticlescan	copy
0x0024e1a0	0xc	?s_gruntDirNorthWest_24e1a0@@3UGruntDirectionCell@@A	gruntreticlescan	copy
0x0024e1b0	0xc	?s_gruntDirSouthEast_24e1b0@@3UGruntDirectionCell@@A	gruntreticlescan	copy
0x0024e1c0	0xc	?s_gruntDirCenter_24e1c0@@3UGruntDirectionCell@@A	gruntreticlescan	copy
0x0024e1d0	0xc	?s_gruntDirSouthWest_24e1d0@@3UGruntDirectionCell@@A	gruntreticlescan	copy
0x0024e1f8	0xc	?s_gruntDirEast_24e1f8@@3UGruntDirectionCell@@A	gruntchargestep	copy
0x0024e208	0xc	?s_gruntDirNorth_24e208@@3UGruntDirectionCell@@A	gruntchargestep	copy
0x0024e218	0xc	?s_gruntDirSouth_24e218@@3UGruntDirectionCell@@A	gruntchargestep	copy
0x0024e228	0xc	?s_gruntDirWest_24e228@@3UGruntDirectionCell@@A	gruntchargestep	copy
0x0024e238	0xc	?s_gruntDirNorthEast_24e238@@3UGruntDirectionCell@@A	gruntchargestep	copy
0x0024e248	0xc	?s_gruntDirNorthWest_24e248@@3UGruntDirectionCell@@A	gruntchargestep	copy
0x0024e258	0xc	?s_gruntDirSouthEast_24e258@@3UGruntDirectionCell@@A	gruntchargestep	copy
0x0024e268	0xc	?s_gruntDirCenter_24e268@@3UGruntDirectionCell@@A	gruntchargestep	copy
0x0024e278	0xc	?s_gruntDirSouthWest_24e278@@3UGruntDirectionCell@@A	gruntchargestep	copy
0x0024e2a0	0xc	?s_gruntDirEast_24e2a0@@3UGruntDirectionCell@@A	gruntarrivalupdate	copy
0x0024e2b0	0xc	?s_gruntDirNorth_24e2b0@@3UGruntDirectionCell@@A	gruntarrivalupdate	copy
0x0024e2c0	0xc	?s_gruntDirSouth_24e2c0@@3UGruntDirectionCell@@A	gruntarrivalupdate	copy
0x0024e2d0	0xc	?s_gruntDirWest_24e2d0@@3UGruntDirectionCell@@A	gruntarrivalupdate	copy
0x0024e2e0	0xc	?s_gruntDirNorthEast_24e2e0@@3UGruntDirectionCell@@A	gruntarrivalupdate	copy
0x0024e2f0	0xc	?s_gruntDirNorthWest_24e2f0@@3UGruntDirectionCell@@A	gruntarrivalupdate	copy
0x0024e300	0xc	?s_gruntDirSouthEast_24e300@@3UGruntDirectionCell@@A	gruntarrivalupdate	copy
0x0024e310	0xc	?s_gruntDirCenter_24e310@@3UGruntDirectionCell@@A	gruntarrivalupdate	copy
0x0024e320	0xc	?s_gruntDirSouthWest_24e320@@3UGruntDirectionCell@@A	gruntarrivalupdate	copy
0x0024e348	0xc	?s_gruntDirEast_24e348@@3UGruntDirectionCell@@A	gruntgoosuckerstep	copy
0x0024e358	0xc	?s_gruntDirNorth_24e358@@3UGruntDirectionCell@@A	gruntgoosuckerstep	copy
0x0024e368	0xc	?s_gruntDirSouth_24e368@@3UGruntDirectionCell@@A	gruntgoosuckerstep	copy
0x0024e378	0xc	?s_gruntDirWest_24e378@@3UGruntDirectionCell@@A	gruntgoosuckerstep	copy
0x0024e388	0xc	?s_gruntDirNorthEast_24e388@@3UGruntDirectionCell@@A	gruntgoosuckerstep	copy
0x0024e398	0xc	?s_gruntDirNorthWest_24e398@@3UGruntDirectionCell@@A	gruntgoosuckerstep	copy
0x0024e3a8	0xc	?s_gruntDirSouthEast_24e3a8@@3UGruntDirectionCell@@A	gruntgoosuckerstep	copy
0x0024e3b8	0xc	?s_gruntDirCenter_24e3b8@@3UGruntDirectionCell@@A	gruntgoosuckerstep	copy
0x0024e3c8	0xc	?s_gruntDirSouthWest_24e3c8@@3UGruntDirectionCell@@A	gruntgoosuckerstep	copy
0x0024e3f0	0xc	?s_gruntDirEast_24e3f0@@3UGruntDirectionCell@@A	gruntdefensealt	copy
0x0024e400	0xc	?s_gruntDirNorth_24e400@@3UGruntDirectionCell@@A	gruntdefensealt	copy
0x0024e410	0xc	?s_gruntDirSouth_24e410@@3UGruntDirectionCell@@A	gruntdefensealt	copy
0x0024e420	0xc	?s_gruntDirWest_24e420@@3UGruntDirectionCell@@A	gruntdefensealt	copy
0x0024e430	0xc	?s_gruntDirNorthEast_24e430@@3UGruntDirectionCell@@A	gruntdefensealt	copy
0x0024e440	0xc	?s_gruntDirNorthWest_24e440@@3UGruntDirectionCell@@A	gruntdefensealt	copy
0x0024e450	0xc	?s_gruntDirSouthEast_24e450@@3UGruntDirectionCell@@A	gruntdefensealt	copy
0x0024e460	0xc	?s_gruntDirCenter_24e460@@3UGruntDirectionCell@@A	gruntdefensealt	copy
0x0024e470	0xc	?s_gruntDirSouthWest_24e470@@3UGruntDirectionCell@@A	gruntdefensealt	copy
0x0024e498	0xc	?s_gruntDirEast_24e498@@3UGruntDirectionCell@@A	gruntarrivalneighbor	copy
0x0024e4a8	0xc	?s_gruntDirNorth_24e4a8@@3UGruntDirectionCell@@A	gruntarrivalneighbor	copy
0x0024e4b8	0xc	?s_gruntDirSouth_24e4b8@@3UGruntDirectionCell@@A	gruntarrivalneighbor	copy
0x0024e4c8	0xc	?s_gruntDirWest_24e4c8@@3UGruntDirectionCell@@A	gruntarrivalneighbor	copy
0x0024e4d8	0xc	?s_gruntDirNorthEast_24e4d8@@3UGruntDirectionCell@@A	gruntarrivalneighbor	copy
0x0024e4e8	0xc	?s_gruntDirNorthWest_24e4e8@@3UGruntDirectionCell@@A	gruntarrivalneighbor	copy
0x0024e4f8	0xc	?s_gruntDirSouthEast_24e4f8@@3UGruntDirectionCell@@A	gruntarrivalneighbor	copy
0x0024e508	0xc	?s_gruntDirCenter_24e508@@3UGruntDirectionCell@@A	gruntarrivalneighbor	copy
0x0024e518	0xc	?s_gruntDirSouthWest_24e518@@3UGruntDirectionCell@@A	gruntarrivalneighbor	copy
0x0024e540	0xc	?s_gruntDirEast_24e540@@3UGruntDirectionCell@@A	gruntdefensestep	copy
0x0024e550	0xc	?s_gruntDirNorth_24e550@@3UGruntDirectionCell@@A	gruntdefensestep	copy
0x0024e560	0xc	?s_gruntDirSouth_24e560@@3UGruntDirectionCell@@A	gruntdefensestep	copy
0x0024e570	0xc	?s_gruntDirWest_24e570@@3UGruntDirectionCell@@A	gruntdefensestep	copy
0x0024e580	0xc	?s_gruntDirNorthEast_24e580@@3UGruntDirectionCell@@A	gruntdefensestep	copy
0x0024e590	0xc	?s_gruntDirNorthWest_24e590@@3UGruntDirectionCell@@A	gruntdefensestep	copy
0x0024e5a0	0xc	?s_gruntDirSouthEast_24e5a0@@3UGruntDirectionCell@@A	gruntdefensestep	copy
0x0024e5b0	0xc	?s_gruntDirCenter_24e5b0@@3UGruntDirectionCell@@A	gruntdefensestep	copy
0x0024e5c0	0xc	?s_gruntDirSouthWest_24e5c0@@3UGruntDirectionCell@@A	gruntdefensestep	copy
0x0024e5e8	0xc	?s_gruntDirEast_24e5e8@@3UGruntDirectionCell@@A	gruntdiggerstep	copy
0x0024e5f8	0xc	?s_gruntDirNorth_24e5f8@@3UGruntDirectionCell@@A	gruntdiggerstep	copy
0x0024e608	0xc	?s_gruntDirSouth_24e608@@3UGruntDirectionCell@@A	gruntdiggerstep	copy
0x0024e618	0xc	?s_gruntDirWest_24e618@@3UGruntDirectionCell@@A	gruntdiggerstep	copy
0x0024e628	0xc	?s_gruntDirNorthEast_24e628@@3UGruntDirectionCell@@A	gruntdiggerstep	copy
0x0024e638	0xc	?s_gruntDirNorthWest_24e638@@3UGruntDirectionCell@@A	gruntdiggerstep	copy
0x0024e648	0xc	?s_gruntDirSouthEast_24e648@@3UGruntDirectionCell@@A	gruntdiggerstep	copy
0x0024e658	0xc	?s_gruntDirCenter_24e658@@3UGruntDirectionCell@@A	gruntdiggerstep	copy
0x0024e668	0xc	?s_gruntDirSouthWest_24e668@@3UGruntDirectionCell@@A	gruntdiggerstep	copy
0x0024e690	0xc	?s_gruntDirEast_24e690@@3UGruntDirectionCell@@A	gruntscantarget	copy
0x0024e6a0	0xc	?s_gruntDirNorth_24e6a0@@3UGruntDirectionCell@@A	gruntscantarget	copy
0x0024e6b0	0xc	?s_gruntDirSouth_24e6b0@@3UGruntDirectionCell@@A	gruntscantarget	copy
0x0024e6c0	0xc	?s_gruntDirWest_24e6c0@@3UGruntDirectionCell@@A	gruntscantarget	copy
0x0024e6d0	0xc	?s_gruntDirNorthEast_24e6d0@@3UGruntDirectionCell@@A	gruntscantarget	copy
0x0024e6e0	0xc	?s_gruntDirNorthWest_24e6e0@@3UGruntDirectionCell@@A	gruntscantarget	copy
0x0024e6f0	0xc	?s_gruntDirSouthEast_24e6f0@@3UGruntDirectionCell@@A	gruntscantarget	copy
0x0024e700	0xc	?s_gruntDirCenter_24e700@@3UGruntDirectionCell@@A	gruntscantarget	copy
0x0024e710	0xc	?s_gruntDirSouthWest_24e710@@3UGruntDirectionCell@@A	gruntscantarget	copy
0x0024e738	0xc	?s_gruntDirEast_24e738@@3UGruntDirectionCell@@A	gruntphasestep	copy
0x0024e748	0xc	?s_gruntDirNorth_24e748@@3UGruntDirectionCell@@A	gruntphasestep	copy
0x0024e758	0xc	?s_gruntDirSouth_24e758@@3UGruntDirectionCell@@A	gruntphasestep	copy
0x0024e768	0xc	?s_gruntDirWest_24e768@@3UGruntDirectionCell@@A	gruntphasestep	copy
0x0024e778	0xc	?s_gruntDirNorthEast_24e778@@3UGruntDirectionCell@@A	gruntphasestep	copy
0x0024e788	0xc	?s_gruntDirNorthWest_24e788@@3UGruntDirectionCell@@A	gruntphasestep	copy
0x0024e798	0xc	?s_gruntDirSouthEast_24e798@@3UGruntDirectionCell@@A	gruntphasestep	copy
0x0024e7a8	0xc	?s_gruntDirCenter_24e7a8@@3UGruntDirectionCell@@A	gruntphasestep	copy
0x0024e7b8	0xc	?s_gruntDirSouthWest_24e7b8@@3UGruntDirectionCell@@A	gruntphasestep	copy
0x0024e7e0	0xc	?s_gruntDirEast_24e7e0@@3UGruntDirectionCell@@A	gruntseektarget	copy
0x0024e7f0	0xc	?s_gruntDirNorth_24e7f0@@3UGruntDirectionCell@@A	gruntseektarget	copy
0x0024e800	0xc	?s_gruntDirSouth_24e800@@3UGruntDirectionCell@@A	gruntseektarget	copy
0x0024e810	0xc	?s_gruntDirWest_24e810@@3UGruntDirectionCell@@A	gruntseektarget	copy
0x0024e820	0xc	?s_gruntDirNorthEast_24e820@@3UGruntDirectionCell@@A	gruntseektarget	copy
0x0024e830	0xc	?s_gruntDirNorthWest_24e830@@3UGruntDirectionCell@@A	gruntseektarget	copy
0x0024e840	0xc	?s_gruntDirSouthEast_24e840@@3UGruntDirectionCell@@A	gruntseektarget	copy
0x0024e850	0xc	?s_gruntDirCenter_24e850@@3UGruntDirectionCell@@A	gruntseektarget	copy
0x0024e860	0xc	?s_gruntDirSouthWest_24e860@@3UGruntDirectionCell@@A	gruntseektarget	copy
0x0024e888	0xc	?s_gruntDirEast_24e888@@3UGruntDirectionCell@@A	gruntpeertracking	copy
0x0024e898	0xc	?s_gruntDirNorth_24e898@@3UGruntDirectionCell@@A	gruntpeertracking	copy
0x0024e8a8	0xc	?s_gruntDirSouth_24e8a8@@3UGruntDirectionCell@@A	gruntpeertracking	copy
0x0024e8b8	0xc	?s_gruntDirWest_24e8b8@@3UGruntDirectionCell@@A	gruntpeertracking	copy
0x0024e8c8	0xc	?s_gruntDirNorthEast_24e8c8@@3UGruntDirectionCell@@A	gruntpeertracking	copy
0x0024e8d8	0xc	?s_gruntDirNorthWest_24e8d8@@3UGruntDirectionCell@@A	gruntpeertracking	copy
0x0024e8e8	0xc	?s_gruntDirSouthEast_24e8e8@@3UGruntDirectionCell@@A	gruntpeertracking	copy
0x0024e8f8	0xc	?s_gruntDirCenter_24e8f8@@3UGruntDirectionCell@@A	gruntpeertracking	copy
0x0024e908	0xc	?s_gruntDirSouthWest_24e908@@3UGruntDirectionCell@@A	gruntpeertracking	copy
0x0024e930	0xc	?s_gruntDirEast_24e930@@3UGruntDirectionCell@@A	gruntdefenselean	copy
0x0024e940	0xc	?s_gruntDirNorth_24e940@@3UGruntDirectionCell@@A	gruntdefenselean	copy
0x0024e950	0xc	?s_gruntDirSouth_24e950@@3UGruntDirectionCell@@A	gruntdefenselean	copy
0x0024e960	0xc	?s_gruntDirWest_24e960@@3UGruntDirectionCell@@A	gruntdefenselean	copy
0x0024e970	0xc	?s_gruntDirNorthEast_24e970@@3UGruntDirectionCell@@A	gruntdefenselean	copy
0x0024e980	0xc	?s_gruntDirNorthWest_24e980@@3UGruntDirectionCell@@A	gruntdefenselean	copy
0x0024e990	0xc	?s_gruntDirSouthEast_24e990@@3UGruntDirectionCell@@A	gruntdefenselean	copy
0x0024e9a0	0xc	?s_gruntDirCenter_24e9a0@@3UGruntDirectionCell@@A	gruntdefenselean	copy
0x0024e9b0	0xc	?s_gruntDirSouthWest_24e9b0@@3UGruntDirectionCell@@A	gruntdefenselean	copy
0x0024f170	0x1	_$S31$S	stringstaticpool	copy
0x0024f178	0xc	?s_gruntDirEast_24f178@@3UGruntDirectionCell@@A	splashstate	copy
0x0024f188	0xc	?s_gruntDirNorth_24f188@@3UGruntDirectionCell@@A	splashstate	copy
0x0024f198	0xc	?s_gruntDirSouth_24f198@@3UGruntDirectionCell@@A	splashstate	copy
0x0024f1a8	0xc	?s_gruntDirWest_24f1a8@@3UGruntDirectionCell@@A	splashstate	copy
0x0024f1b8	0xc	?s_gruntDirNorthEast_24f1b8@@3UGruntDirectionCell@@A	splashstate	copy
0x0024f1c8	0xc	?s_gruntDirNorthWest_24f1c8@@3UGruntDirectionCell@@A	splashstate	copy
0x0024f1d8	0xc	?s_gruntDirSouthEast_24f1d8@@3UGruntDirectionCell@@A	splashstate	copy
0x0024f1e8	0xc	?s_gruntDirCenter_24f1e8@@3UGruntDirectionCell@@A	splashstate	copy
0x0024f1f8	0xc	?s_gruntDirSouthWest_24f1f8@@3UGruntDirectionCell@@A	splashstate	copy
0x0024f228	0xc	?s_gruntDirEast_24f228@@3UGruntDirectionCell@@A	gameassetnamespaces	copy
0x0024f238	0xc	?s_gruntDirNorth_24f238@@3UGruntDirectionCell@@A	gameassetnamespaces	copy
0x0024f248	0xc	?s_gruntDirSouth_24f248@@3UGruntDirectionCell@@A	gameassetnamespaces	copy
0x0024f258	0xc	?s_gruntDirWest_24f258@@3UGruntDirectionCell@@A	gameassetnamespaces	copy
0x0024f268	0xc	?s_gruntDirNorthEast_24f268@@3UGruntDirectionCell@@A	gameassetnamespaces	copy
0x0024f278	0xc	?s_gruntDirNorthWest_24f278@@3UGruntDirectionCell@@A	gameassetnamespaces	copy
0x0024f288	0xc	?s_gruntDirSouthEast_24f288@@3UGruntDirectionCell@@A	gameassetnamespaces	copy
0x0024f298	0xc	?s_gruntDirCenter_24f298@@3UGruntDirectionCell@@A	gameassetnamespaces	copy
0x0024f2a8	0xc	?s_gruntDirSouthWest_24f2a8@@3UGruntDirectionCell@@A	gameassetnamespaces	copy
0x0024f2e0	0x1	_$S58$S	statichazard	copy
0x0024f2e8	0xc	?s_gruntDirEast_24f2e8@@3UGruntDirectionCell@@A	statichazard	copy
0x0024f2f8	0xc	?s_gruntDirNorth_24f2f8@@3UGruntDirectionCell@@A	statichazard	copy
0x0024f308	0xc	?s_gruntDirSouth_24f308@@3UGruntDirectionCell@@A	statichazard	copy
0x0024f318	0xc	?s_gruntDirWest_24f318@@3UGruntDirectionCell@@A	statichazard	copy
0x0024f350	0xc	?s_gruntDirNorthEast_24f350@@3UGruntDirectionCell@@A	statichazard	copy
0x0024f360	0xc	?s_gruntDirNorthWest_24f360@@3UGruntDirectionCell@@A	statichazard	copy
0x0024f370	0xc	?s_gruntDirSouthEast_24f370@@3UGruntDirectionCell@@A	statichazard	copy
0x0024f380	0xc	?s_gruntDirCenter_24f380@@3UGruntDirectionCell@@A	statichazard	copy
0x0024f390	0xc	?s_gruntDirSouthWest_24f390@@3UGruntDirectionCell@@A	statichazard	copy
0x0024f3c8	0xc	?s_gruntDirEast_24f3c8@@3UGruntDirectionCell@@A	gamestats	copy
0x0024f3d8	0xc	?s_gruntDirNorth_24f3d8@@3UGruntDirectionCell@@A	gamestats	copy
0x0024f3e8	0xc	?s_gruntDirSouth_24f3e8@@3UGruntDirectionCell@@A	gamestats	copy
0x0024f3f8	0xc	?s_gruntDirWest_24f3f8@@3UGruntDirectionCell@@A	gamestats	copy
0x0024f408	0xc	?s_gruntDirNorthEast_24f408@@3UGruntDirectionCell@@A	gamestats	copy
0x0024f418	0xc	?s_gruntDirNorthWest_24f418@@3UGruntDirectionCell@@A	gamestats	copy
0x0024f428	0xc	?s_gruntDirSouthEast_24f428@@3UGruntDirectionCell@@A	gamestats	copy
0x0024f438	0xc	?s_gruntDirCenter_24f438@@3UGruntDirectionCell@@A	gamestats	copy
0x0024f448	0xc	?s_gruntDirSouthWest_24f448@@3UGruntDirectionCell@@A	gamestats	copy
0x0024f470	0xc	?s_gruntDirEast_24f470@@3UGruntDirectionCell@@A	sbi_rectonly	copy
0x0024f480	0xc	?s_gruntDirNorth_24f480@@3UGruntDirectionCell@@A	sbi_rectonly	copy
0x0024f490	0xc	?s_gruntDirSouth_24f490@@3UGruntDirectionCell@@A	sbi_rectonly	copy
0x0024f4a0	0xc	?s_gruntDirWest_24f4a0@@3UGruntDirectionCell@@A	sbi_rectonly	copy
0x0024f4b0	0xc	?s_gruntDirNorthEast_24f4b0@@3UGruntDirectionCell@@A	sbi_rectonly	copy
0x0024f4c0	0xc	?s_gruntDirNorthWest_24f4c0@@3UGruntDirectionCell@@A	sbi_rectonly	copy
0x0024f4d0	0xc	?s_gruntDirSouthEast_24f4d0@@3UGruntDirectionCell@@A	sbi_rectonly	copy
0x0024f4e0	0xc	?s_gruntDirCenter_24f4e0@@3UGruntDirectionCell@@A	sbi_rectonly	copy
0x0024f4f0	0xc	?s_gruntDirSouthWest_24f4f0@@3UGruntDirectionCell@@A	sbi_rectonly	copy
0x0024f518	0xc	?s_gruntDirEast_24f518@@3UGruntDirectionCell@@A	statusbarspriteacts	copy
0x0024f528	0xc	?s_gruntDirNorth_24f528@@3UGruntDirectionCell@@A	statusbarspriteacts	copy
0x0024f538	0xc	?s_gruntDirSouth_24f538@@3UGruntDirectionCell@@A	statusbarspriteacts	copy
0x0024f548	0xc	?s_gruntDirWest_24f548@@3UGruntDirectionCell@@A	statusbarspriteacts	copy
0x0024f558	0xc	?s_gruntDirNorthEast_24f558@@3UGruntDirectionCell@@A	statusbarspriteacts	copy
0x0024f568	0xc	?s_gruntDirNorthWest_24f568@@3UGruntDirectionCell@@A	statusbarspriteacts	copy
0x0024f578	0xc	?s_gruntDirSouthEast_24f578@@3UGruntDirectionCell@@A	statusbarspriteacts	copy
0x0024f588	0xc	?s_gruntDirCenter_24f588@@3UGruntDirectionCell@@A	statusbarspriteacts	copy
0x0024f598	0xc	?s_gruntDirSouthWest_24f598@@3UGruntDirectionCell@@A	statusbarspriteacts	copy
0x0024f5c0	0x1	_$S58$S	statusbarspriteacts	copy
0x0024f61c	0x1	$S2418372	tilelogicpump	copy
0x0024f620	0x1	$S2418376	tilelogicpump	copy
0x0024f628	0xc	?s_gruntDirEast_24f628@@3UGruntDirectionCell@@A	tilelogicpump	copy
0x0024f634	0x1	$S2418396	tilelogicpump	copy
0x0024f638	0x1	$S2418400	tilelogicpump	copy
0x0024f63c	0x1	$S2418404	tilelogicpump	copy
0x0024f640	0x1	$S2418408	tilelogicpump	copy
0x0024f648	0xc	?s_gruntDirNorth_24f648@@3UGruntDirectionCell@@A	tilelogicpump	copy
0x0024f658	0xc	?s_gruntDirSouth_24f658@@3UGruntDirectionCell@@A	tilelogicpump	copy
0x0024f668	0xc	?s_gruntDirWest_24f668@@3UGruntDirectionCell@@A	tilelogicpump	copy
0x0024f6a0	0xc	?s_gruntDirNorthEast_24f6a0@@3UGruntDirectionCell@@A	tilelogicpump	copy
0x0024f6b0	0xc	?s_gruntDirNorthWest_24f6b0@@3UGruntDirectionCell@@A	tilelogicpump	copy
0x0024f6c0	0xc	?s_gruntDirSouthEast_24f6c0@@3UGruntDirectionCell@@A	tilelogicpump	copy
0x0024f6d0	0xc	?s_gruntDirCenter_24f6d0@@3UGruntDirectionCell@@A	tilelogicpump	copy
0x0024f6e0	0xc	?s_gruntDirSouthWest_24f6e0@@3UGruntDirectionCell@@A	tilelogicpump	copy
0x0024f7e0	0xc	?s_gruntDirEast_24f7e0@@3UGruntDirectionCell@@A	tileswitchlogic	copy
0x0024f7f0	0xc	?s_gruntDirNorth_24f7f0@@3UGruntDirectionCell@@A	tileswitchlogic	copy
0x0024f800	0xc	?s_gruntDirSouth_24f800@@3UGruntDirectionCell@@A	tileswitchlogic	copy
0x0024f810	0xc	?s_gruntDirWest_24f810@@3UGruntDirectionCell@@A	tileswitchlogic	copy
0x0024f820	0xc	?s_gruntDirNorthEast_24f820@@3UGruntDirectionCell@@A	tileswitchlogic	copy
0x0024f830	0xc	?s_gruntDirNorthWest_24f830@@3UGruntDirectionCell@@A	tileswitchlogic	copy
0x0024f840	0xc	?s_gruntDirSouthEast_24f840@@3UGruntDirectionCell@@A	tileswitchlogic	copy
0x0024f850	0xc	?s_gruntDirCenter_24f850@@3UGruntDirectionCell@@A	tileswitchlogic	copy
0x0024f860	0xc	?s_gruntDirSouthWest_24f860@@3UGruntDirectionCell@@A	tileswitchlogic	copy
0x0024f888	0x1	_$S58$S	toobspikez	copy
0x0024f890	0xc	?s_gruntDirEast_24f890@@3UGruntDirectionCell@@A	toobspikez	copy
0x0024f8a0	0xc	?s_gruntDirNorth_24f8a0@@3UGruntDirectionCell@@A	toobspikez	copy
0x0024f8b0	0xc	?s_gruntDirSouth_24f8b0@@3UGruntDirectionCell@@A	toobspikez	copy
0x0024f8c0	0xc	?s_gruntDirWest_24f8c0@@3UGruntDirectionCell@@A	toobspikez	copy
0x0024f8f8	0xc	?s_gruntDirNorthEast_24f8f8@@3UGruntDirectionCell@@A	toobspikez	copy
0x0024f908	0xc	?s_gruntDirNorthWest_24f908@@3UGruntDirectionCell@@A	toobspikez	copy
0x0024f918	0xc	?s_gruntDirSouthEast_24f918@@3UGruntDirectionCell@@A	toobspikez	copy
0x0024f928	0xc	?s_gruntDirCenter_24f928@@3UGruntDirectionCell@@A	toobspikez	copy
0x0024f938	0xc	?s_gruntDirSouthWest_24f938@@3UGruntDirectionCell@@A	toobspikez	copy
0x0024f970	0xc	?s_gruntDirEast_24f970@@3UGruntDirectionCell@@A	fonts	copy
0x0024f980	0xc	?s_gruntDirNorth_24f980@@3UGruntDirectionCell@@A	fonts	copy
0x0024f990	0xc	?s_gruntDirSouth_24f990@@3UGruntDirectionCell@@A	fonts	copy
0x0024f9a0	0xc	?s_gruntDirWest_24f9a0@@3UGruntDirectionCell@@A	fonts	copy
0x0024f9c8	0xc	?s_gruntDirNorthEast_24f9c8@@3UGruntDirectionCell@@A	savefrontbuffershot	copy
0x0024f9d8	0xc	?s_gruntDirNorthWest_24f9d8@@3UGruntDirectionCell@@A	savefrontbuffershot	copy
0x0024f9e8	0xc	?s_gruntDirSouthEast_24f9e8@@3UGruntDirectionCell@@A	savefrontbuffershot	copy
0x0024f9f8	0xc	?s_gruntDirCenter_24f9f8@@3UGruntDirectionCell@@A	savefrontbuffershot	copy
0x0024fa08	0xc	?s_gruntDirSouthWest_24fa08@@3UGruntDirectionCell@@A	savefrontbuffershot	copy
0x0024faa8	0xc	?s_gruntDirEast_24faa8@@3UGruntDirectionCell@@A	tiletriggercontainer	copy
0x0024fab8	0xc	?s_gruntDirNorth_24fab8@@3UGruntDirectionCell@@A	tiletriggercontainer	copy
0x0024fac8	0xc	?s_gruntDirSouth_24fac8@@3UGruntDirectionCell@@A	tiletriggercontainer	copy
0x0024fad8	0xc	?s_gruntDirWest_24fad8@@3UGruntDirectionCell@@A	tiletriggercontainer	copy
0x0024fae8	0xc	?s_gruntDirNorthEast_24fae8@@3UGruntDirectionCell@@A	tiletriggercontainer	copy
0x0024faf8	0xc	?s_gruntDirNorthWest_24faf8@@3UGruntDirectionCell@@A	tiletriggercontainer	copy
0x0024fb08	0xc	?s_gruntDirSouthEast_24fb08@@3UGruntDirectionCell@@A	tiletriggercontainer	copy
0x0024fb18	0xc	?s_gruntDirCenter_24fb18@@3UGruntDirectionCell@@A	tiletriggercontainer	copy
0x0024fb28	0xc	?s_gruntDirSouthWest_24fb28@@3UGruntDirectionCell@@A	tiletriggercontainer	copy
0x002522f0	0xc	?s_gruntDirEast_2522f0@@3UGruntDirectionCell@@A	heapdiag	copy
0x00252300	0xc	?s_gruntDirNorth_252300@@3UGruntDirectionCell@@A	heapdiag	copy
0x00252310	0xc	?s_gruntDirSouth_252310@@3UGruntDirectionCell@@A	heapdiag	copy
0x00252320	0xc	?s_gruntDirWest_252320@@3UGruntDirectionCell@@A	heapdiag	copy
0x00252330	0xc	?s_gruntDirNorthEast_252330@@3UGruntDirectionCell@@A	heapdiag	copy
0x00252340	0xc	?s_gruntDirNorthWest_252340@@3UGruntDirectionCell@@A	heapdiag	copy
0x00252350	0xc	?s_gruntDirSouthEast_252350@@3UGruntDirectionCell@@A	heapdiag	copy
0x00252360	0xc	?s_gruntDirCenter_252360@@3UGruntDirectionCell@@A	heapdiag	copy
0x00252370	0xc	?s_gruntDirSouthWest_252370@@3UGruntDirectionCell@@A	heapdiag	copy
0x00252398	0x1	$S2430016	gruntvoice	copy
0x002523a0	0xc	?s_gruntDirEast_2523a0@@3UGruntDirectionCell@@A	gruntvoice	copy
0x002523ac	0x1	$S2430036	gruntvoice	copy
0x002523b0	0xc	?s_gruntDirNorth_2523b0@@3UGruntDirectionCell@@A	gruntvoice	copy
0x002523c0	0xc	?s_gruntDirSouth_2523c0@@3UGruntDirectionCell@@A	gruntvoice	copy
0x002523d0	0xc	?s_gruntDirWest_2523d0@@3UGruntDirectionCell@@A	gruntvoice	copy
0x002523e0	0xc	?s_gruntDirNorthEast_2523e0@@3UGruntDirectionCell@@A	gruntvoice	copy
0x002523f0	0xc	?s_gruntDirNorthWest_2523f0@@3UGruntDirectionCell@@A	gruntvoice	copy
0x00252400	0xc	?s_gruntDirSouthEast_252400@@3UGruntDirectionCell@@A	gruntvoice	copy
0x00252410	0xc	?s_gruntDirCenter_252410@@3UGruntDirectionCell@@A	gruntvoice	copy
0x00252420	0xc	?s_gruntDirSouthWest_252420@@3UGruntDirectionCell@@A	gruntvoice	copy
0x002524b0	0xc	?s_gruntDirEast_2524b0@@3UGruntDirectionCell@@A	gruntspawnconfig	copy
0x002524c0	0xc	?s_gruntDirNorth_2524c0@@3UGruntDirectionCell@@A	gruntspawnconfig	copy
0x002524d0	0xc	?s_gruntDirSouth_2524d0@@3UGruntDirectionCell@@A	gruntspawnconfig	copy
0x002524e0	0xc	?s_gruntDirWest_2524e0@@3UGruntDirectionCell@@A	gruntspawnconfig	copy
0x002524f0	0xc	?s_gruntDirNorthEast_2524f0@@3UGruntDirectionCell@@A	gruntspawnconfig	copy
0x00252500	0xc	?s_gruntDirNorthWest_252500@@3UGruntDirectionCell@@A	gruntspawnconfig	copy
0x00252510	0xc	?s_gruntDirSouthEast_252510@@3UGruntDirectionCell@@A	gruntspawnconfig	copy
0x00252520	0xc	?s_gruntDirCenter_252520@@3UGruntDirectionCell@@A	gruntspawnconfig	copy
0x00252530	0xc	?s_gruntDirSouthWest_252530@@3UGruntDirectionCell@@A	gruntspawnconfig	copy
0x002c01f4	0x1	_?$S@?1??RenderFrameClipped@CImage@@QAEXPAVCDDrawSurfacePair@@HHPAUtagRECT@@H@Z@4EA$S	cimage	copy
0x002c026c	0x1	_?$S@?1??RenderFrame@CImage@@QAEXPAVCDDrawSurfacePair@@HHH@Z@4EA$S	cimage	copy
0x002c02e0	0x1	_?$S@?1??TickKillCues@CDDrawChildGroup@@UAEXH@Z@4EA$S	wwdobjmgr	copy
0x002c05d4	0x1	_?$S@?1??GetPoint@CButeMgr@@QAEPAUButeIntPoint@@PBD0@Z@4EA$S	butemgr	copy
0x002c05d8	0x1	_?$S@?1??GetRange@CButeMgr@@QAEPAUButeDoubleRange@@PBD0@Z@4EA$S	butemgr	copy
0x002c05dc	0x1	_?$S@?1??GetVector@CButeMgr@@QAEPAUButeDoubleVector@@PBD0@Z@4EA$S	butemgr	copy
0x002c05e0	0x1	_?$S@?1??GetRect@CButeMgr@@QAEPAUButeIntRect@@PBD0@Z@4EA$S	butemgr	copy
0x002c05e8	0x8	_?s_default@?1??GetPoint@CButeMgr@@QAEPAUButeIntPoint@@PBD0@Z@4U3@A$S	butemgr	copy
0x002c05f0	0x4	_?s_empty@?1??GetString@CButeMgr@@QAEPAVCString@@PBD0@Z@4V3@A$S	butemgr	copy
0x002c05f8	0x18	_?s_default@?1??GetVector@CButeMgr@@QAEPAUButeDoubleVector@@PBD0@Z@4U3@A$S	butemgr	copy
0x002c0610	0x1	_?$S@?1??GetString@CButeMgr@@QAEPAVCString@@PBD0@Z@4EA$S	butemgr	copy
0x002c0618	0x10	_?s_default@?1??GetRange@CButeMgr@@QAEPAUButeDoubleRange@@PBD0@Z@4U3@A$S	butemgr	copy
0x002c0628	0x10	_?s_default@?1??GetRect@CButeMgr@@QAEPAUButeIntRect@@PBD0@Z@4U3@A$S	butemgr	copy
0x002c21d5	0x1	??_B?1??GetRandomNumber@@YAHXZ@51	include/Gruntz/GameRand.h:GetRandomNumber	common
0x002c21e0	0x4	?holdrand@?1??GetRandomNumber@@YAHXZ@4JA	include/Gruntz/GameRand.h:GetRandomNumber	common
0x002c36ec	0x1	??_B?1??GetRandomNumber@CAniRecordView@@QAEHXZ@51	include/Gruntz/AniRecordView.h:CAniRecordView::GetRandomNumber	common
0x002c36f8	0x4	?holdrand@?1??GetRandomNumber@CAniRecordView@@QAEHXZ@4JA	include/Gruntz/AniRecordView.h:CAniRecordView::GetRandomNumber	common
0x002c36fc	0x1	??_B?1??GetRandomNumber@CFaderSine@@QAEHXZ@51	include/Gruntz/FaderSubtypes.h:CFaderSine::GetRandomNumber	common
0x002c3708	0x4	?holdrand@?1??GetRandomNumber@CFaderSine@@QAEHXZ@4JA	include/Gruntz/FaderSubtypes.h:CFaderSine::GetRandomNumber	common
0x001e9738	0x8	$T2004792	grunt	fppool
0x001eaa88	0x8	$T2009736	projectile	fppool
