rva,name,unit,size,kind
0x185320,_uncompress,uncompr,,func
0x185a10,_inflateReset,inflate,,func
0x185a60,_inflateEnd,inflate,,func
0x185ab0,_inflateInit2_,inflate,,func
0x185bc0,_inflateInit_,inflate,,func
0x185be0,_inflate,inflate,0x430,func
0x186010,_inflateSetDictionary,inflate,,func
0x1860a0,_inflateSync,inflate,,func
0x186180,_deflateInit_,deflate,,func
0x1861b0,_deflateInit2_,deflate,,func
0x1864d0,_deflateReset,deflate,,func
0x186620,_deflate,deflate,,func
0x1868e0,_putShortMSB,deflate,,func
0x186910,_flush_pending,deflate,,func
0x186990,_deflateEnd,deflate,,func
0x186a20,_deflateCopy,deflate,,func
0x186a50,_lm_init,deflate,,func
0x186af0,_deflate_stored,deflate,,func
0x186c00,_fill_window,deflate,,func
0x186d30,_read_buf,deflate,,func
0x186db0,_deflate_fast,deflate,,func
0x187000,_longest_match,deflate,,func
0x187170,_deflate_slow,deflate,,func
0x187490,_inflate_blocks_reset,infblock,,func
0x187530,_inflate_blocks_new,infblock,,func
0x1875a0,_inflate_blocks,infblock,0xcb0,func
0x188250,_inflate_blocks_free,infblock,,func
0x188290,_inflate_set_dictionary,infblock,,func
0x1882d0,_adler32,adler32,,func
0x188410,_zcalloc,zutil,,func
0x188430,_zcfree,zutil,,func
0x188440,__tr_init,trees,,func
0x1884c0,_tr_static_init,trees,,func
0x1886b0,_init_block,trees,,func
0x188720,_gen_codes,trees,,func
0x1887a0,__tr_stored_block,trees,,func
0x188860,__tr_align,trees,,func
0x188ad0,__tr_flush_block,trees,,func
0x188d00,_build_tree,trees,,func
0x188f40,_pqdownheap,trees,,func
0x189000,_gen_bitlen,trees,,func
0x189230,_build_bl_tree,trees,,func
0x1892b0,_scan_tree,trees,,func
0x1893a0,_send_all_trees,trees,,func
0x189610,_send_tree,trees,,func
0x189b90,__tr_tally,trees,,func
0x189cb0,_compress_block,trees,,func
0x18a100,_set_data_type,trees,,func
0x18a170,_bi_reverse,trees,,func
0x18a190,_bi_flush,trees,,func
0x18a220,_bi_windup,trees,,func
0x18a290,_copy_block,trees,,func
0x18a330,_inflate_trees_bits,inftrees,,func
0x18a390,_huft_build,inftrees,,func
0x18a850,_inflate_trees_dynamic,inftrees,,func
0x18a940,_inflate_trees_fixed,inftrees,,func
0x18aa90,_falloc,inftrees,,func
0x18aab0,_inflate_trees_free,inftrees,,func
0x18aaf0,_inflate_codes_new,infcodes,,func
0x18ab30,_inflate_codes,infcodes,0x7b0,func
0x18b2e0,_inflate_codes_free,infcodes,,func
0x18b300,_inflate_flush,infutil,,func
0x18b440,_inflate_fast,inffast,,func
0x224fb0,_deflate_copyright,deflate,0x35,data
0x224fe8,_configuration_table$S474,deflate,0x78,data
0x225060,_border$S454,infblock,0x4c,data
0x2251b8,_extra_lbits$S437,trees,0x74,data
0x225230,_extra_dbits$S438,trees,0x78,data
0x2252a8,_extra_blbits$S439,trees,0x4c,data
0x2252f8,_bl_order$S440,trees,0x13,data
0x225310,_static_l_desc$S447,trees,0x14,data
0x225328,_static_d_desc$S448,trees,0x14,data
0x225340,_static_bl_desc$S449,trees,0x14,data
0x225358,_inflate_copyright,inftrees,0x2f,data
0x225388,_cplens$S419,inftrees,0x7c,data
0x225408,_cplext$S420,inftrees,0x7c,data
0x225488,_cpdist$S421,inftrees,0x78,data
0x225500,_cpdext$S422,inftrees,0x78,data
0x225640,_inflate_mask,infutil,0x44,data
0x2bf8e8,_length_code$S444,trees,0x100,data
0x2bf9e8,_base_length$S445,trees,0x74,data
0x2bfa60,_dist_code$S443,trees,0x200,data
0x2bfc60,_static_ltree$S441,trees,0x480,data
0x2c00e0,_static_dtree$S442,trees,0x78,data
0x2c0158,_base_dist$S446,trees,0x78,data
0x2c01d0,_?static_init_done@?1??tr_static_init@@9@9$S502,trees,0x4,data
0x2c01d8,_fixed_td$S544,inftrees,0x4,data
0x2c01dc,_fixed_tl$S543,inftrees,0x4,data
0x2c01e0,_fixed_mem$S540,inftrees,0x1090,data
0x2c1270,_fixed_bd$S542,inftrees,0x4,data
0x2c1274,_fixed_bl$S541,inftrees,0x4,data
0x2c1278,_fixed_built$S539,inftrees,0x4,data
0x225120,_z_errmsg,zutil,0x28,data
