rva	function	rule	deviation	note
0x021d80	?Scroll@CFontConfig@@QAEXH@Z	compiler_artifacts: no explicit destructor or ::operator delete call	after RemoveHead and a null check, calls item->~FontItem() then ::operator delete(item)	retail has no second null check before ~FontItem/??3, which any delete-expression emits under cl 5; a rule-clean form needs a spelling that drops that check (delete item scores 95.65)
0x083450	?Run@CGruntzMgr@@UAEHPAVCGameWnd@@PAD@Z	no dead code or source distortions to steer codegen	the dead release TRACE before the GAME_ATTRIBUTEZ parse is spelled if (0) { AfxTrace(...); }	the release TRACE expansion (1 ? (void)0 : ::AfxTrace) adds an entry-time conditional-temporary flag store retail lacks; if (0) keeps retail's two NULL-action unwind states. A rule-clean form needs the original project trace macro. CPlay::ValidateLevelTiles shows the same flag stores around its dead TRACE
0x171640	?Save@CButeMgr@@QAE_NXZ	no #ifdef devices in source	the crypt branch is #ifdef __clang__: clang gets a named ofstream local, cl gets the LithTech Encrypt(*m_pSaveData, ofstream(...)) temporary	clang rejects binding the temporary to ostream& (no switch; overload resolution fails), cl 5.0 accepts it and it matches retail at that call (93.39 -> 93.70). A rule-clean form needs the label extractor to accept that MSVC extension
0x045270	?NotifyFortUnderAttack@CWarlord@@QAEHXZ	inline helpers over hand-expanded bodies (holista)	the else-arm cooldown restart is spelled i64* cooldown = &m_cooldownTimer.m_start; cooldown[1] = ...; cooldown[0] = g_frameTime; instead of m_cooldownTimer.Start(...)	with Start the arm's interval-hi/start stores become identical to the QUESTZ arm's explicit stores and cl tail-merges them (97.10); retail keeps both arms separate. The pointer-local form keeps the trees distinct (100). A rule-clean form needs the arm spelling that retail's helper actually had
0x1198a0	??0CGruntVoice@@QAE@PAUCGameObject@@@Z	no distorted source to steer codegen	the body re-zeroes m_playbackTiming through its i32 halves in the order startLo, intervalLo, startHi, intervalHi instead of two i64 assignments	with m_start = 0; m_interval = 0 (or any i64 spelling) cl sinks the m_stream store below the two low-half stores (99.97); retail stores m_stream first. A rule-clean form needs the helper or declaration that leaves m_stream first
0x007da0	??0CActionArea@@QAE@PAUCGameObject@@@Z	no distorted source to steer codegen	the body re-zeroes m_timing.m_interval through its i32 halves (m_intervalLo, m_intervalHi) instead of one i64 assignment	same mechanism as the CGruntVoice ctor: after SET_SORT_KEY_IF_CHANGED, an i64 store sinks the preceding m_phase store below its low half (99.89); retail stores m_phase first. A rule-clean form needs whatever keeps the scalar store ahead of the i64 pair
0x04dd50	?LoadGruntTypeTable@CGrunt@@QAEHW4PickupType@@HHH@Z	inline helpers over hand-expanded bodies (holista)	the easy-mode read remains g_gameReg->m_isEasyMode instead of GetEasyMode()	the complete getter family loses another required CString construction at this caller: 10 versus 11 raw and 12 retail, with a different zDArray call boundary and one fewer branch; raw restores the full prior body and ordered relocations at95.3411 versus93.9891
0x0d2dd0	?ValidateLevelTiles@CPlay@@QAEHXZ	no dead code or source distortions to steer codegen	the dead release trace retains its CString temporary inside if (0) { AfxTrace(...); }	retail requires the 23-state unwind map including the final NULL-action entry but lacks the standard release TRACE conditional-temporary flag stores; a literal TRACE drops that required state, while if (0) preserves identical FuncInfo and unwind-map bytes and typed references without the flag stores
0x0267c0	?StepRowUnits@CBattlezMapConfig@@QAEHXZ	inline helpers over hand-expanded bodies (holista)	ten direct defender-state accesses remain instead of GetDefenderState and SetDefenderState	The complete typed accessor family substitutes an unwanted GetScreenTile for retail GetScreenPos in this caller. Getter-only and setter-only controls retain the same wrong call population; restoring both raw groups restores the complete prior bytes and ordered relocations. Other foreign state sites adopt the canonical API.
0x030f20	?PickSpawnCoord@CBattlezMapConfig@@QAEPAUCoord@@PAU2@PAVCGrunt@@H@Z	inline helpers over hand-expanded bodies (holista)	retains a borrowed CPtrArray pointer for attack waypoint count and reads instead of repeated config owner queries	GetAttackWaypointCount and CoordAt across this caller preserve calls and branches but extend addressing and add nine bytes, reducing97.90476to97.88095; restoring the borrowed container reproduces the complete original body and ordered references. The remaining count and typed pointer family is adopted.
