rva	unit	function	lost_max	cur
0x009330	actionoptionsmenubar	?Refresh@CActionOptionsMenuBar@@QAEHXZ	100.0000	93.2432
0x009650	actionoptionsmenubar	?UpdateHoverState@CActionOptionsMenuBar@@QAEHHH@Z	100.0000	94.0741
0x0e5c10	aniplayer	?RenderCel@CAniPlayer@@QAEHXZ	98.4848	76.0000
0x09b430	areamgr	?IsSameWorld@CAreaMgr@@QAEHH@Z	100.0000	58.5000
0x02ae00	battlezmapconfig	?HandleUnitContact@CBattlezAiController@@QAEHPAVCGrunt@@0@Z	86.5862	65.2709
0x02a570	battlezmapconfig	?RepathAroundBlockedTiles@CBattlezAiController@@QAEHPAVCGrunt@@@Z	77.1948	65.3896
0x02c690	battlezmapconfig	?ResolveArrival@CBattlezAiController@@QAEHPAVCGrunt@@@Z	83.4378	79.3302
0x02e3a0	battlezmapconfig	?RouteToNearbyEnemy@CBattlezAiController@@QAEHPAVCGrunt@@@Z	85.0284	76.6404
0x02c140	battlezmapconfig	?RouteToNearbyPickup@CBattlezAiController@@QAEHPAVCGrunt@@@Z	94.8459	70.8052
0x0350d0	battlezrepath	?RepathToFreeCell@CBattlezAiController@@QAEHPAVCGrunt@@@Z	89.6742	89.5618
0x0358a0	battlezretarget	?RetargetIdleUnit@CBattlezAiController@@QAEHPAVCGrunt@@@Z	91.3524	90.8018
0x032060	battlezunitstep	?AdvanceToEnemyBase@CBattlezAiController@@QAEHPAVCGrunt@@@Z	83.5371	80.4525
0x031610	battlezunitstep	?Step@CBattlezAiController@@QAEHPAVCGrunt@@@Z	85.5000	78.4388
0x077df0	brickzcellflags	?FindNearestEnemy@CTriggerMgr@@QAEPAVCGrunt@@PAV2@@Z	93.2718	92.7476
0x153470	cimage	?RenderImage@CImage@@UAEXPAVCResolveNode@@PAVCDDrawSurfacePair@@@Z	100.0000	98.0233
0x14a200	ddrawshadeblit	?BlitShadedForward@CDDrawShadeBlit@@QAEXPAUtagRECT@@PAVCDDSurface@@0H@Z	79.9049	79.8770
0x14b770	ddrawshadeblit	?BlitShadedMirrored@CDDrawShadeBlit@@QAEXPAUtagRECT@@PAVCDDSurface@@0H@Z	77.5866	77.3231
0x14c9f0	ddrawshadeblit	?ConvertRow@CDDrawShadeBlit@@QAEXPAE0H@Z	82.0433	80.9266
0x14d950	ddrawshadeblit	?ConvertRowDouble@CDDrawShadeBlit@@QAEXPAE0HH@Z	77.0518	72.0671
0x140420	ddsurface	?Blit816@CDDSurface@@QAEHPAEPAUtagPALETTEENTRY@@W4RasterRowOrder@@@Z	92.5259	85.9185
0x13f460	ddsurface	?ShadeRect@CDDSurface@@QAEHHPAUtagRECT@@@Z	84.7773	78.1409
0x0c68b0	droppedobject	??0CDroppedObject@@QAE@PAUCGameObject@@@Z	95.1716	94.7239
0x17f660	faderflat	?RenderFrame@CFaderFlat@@UAEXH@Z	93.6582	90.9745
0x180640	faderlight	?RenderFrame@CFaderLight@@UAEXH@Z	95.6062	93.3553
0x17b5f0	feccrypt	?ReadArchive@CFecFile@@QAEHPBD@Z	86.2571	86.0114
0x179e70	font	?DrawGlyphRun@FontRenderer@@QAEXVCString@@PAVCDDSurface@@VCRect@@HHH@Z	99.9583	94.3796
0x17a460	font	?DrawWrapped@FontRenderer@@QAEXVCString@@PAVCDDSurface@@VCRect@@HHH@Z	100.0000	99.4530
0x022810	fontconfig	?Draw3DText@CGameText@@QAEHPBVCString@@PAUHDC__@@PAUtagRECT@@HHHHHHH@Z	94.0260	93.9167
0x045d30	fortressflag	??0CFortressFlag@@QAE@PAUCGameObject@@@Z	97.0000	94.2786
0x04b370	grunt	?MoveTo@CGrunt@@QAEHHHHHHH@Z	32.5807	0.0000
0x04d800	grunt	?Place@CGrunt@@QAEHPAVCTriggerMgr@@HHW4PickupType@@1HW4EnemyAiType@@HHHPAUtagRECT@@W4GruntEntranceMode@@@Z	96.4877	96.4386
0x04c170	grunt	?StepGruntMovement@CGrunt@@QAEHXZ	74.0606	73.7003
0x0f0130	gruntarrivalupdate	?StepGauntletGruntBehavior@CGrunt@@QAEHXZ	97.2870	96.4049
0x0ecc90	gruntbricklayerstep	?StepBrickLayerBehavior@CGrunt@@QAEHXZ	90.2045	90.1894
0x0ef6b0	gruntchargestep	?StepDumbChaserBehavior@CGrunt@@QAEHXZ	95.9763	95.8860
0x05f310	gruntcombat	?AdvanceMotion@CGrunt@@UAEXXZ	94.9570	88.8077
0x0597a0	gruntcombat	?ApplyCombatHitEffects@CGrunt@@QAEHW4PickupType@@HHHHHH0@Z	73.2468	73.1162
0x059230	gruntcombat	?HandleCombatContact@CGrunt@@QAEHHHHHH@Z	99.1168	97.4074
0x057db0	gruntcombat	?PathScan@CGrunt@@QAEHXZ	87.0954	68.8303
0x05d210	gruntcombat	?StepBehavior@CGrunt@@UAEXPAD@Z	88.1116	87.5067
0x0f8240	gruntdefenselean	?StepMagicWandGruntBehavior@CGrunt@@QAEHXZ	96.3499	95.6614
0x0f2b20	gruntdefensestep	?StepScrollGruntBehavior@CGrunt@@QAEHXZ	96.9379	96.8563
0x0f36a0	gruntdiggerstep	?StepDiggerBehavior@CGrunt@@QAEHXZ	90.0266	83.8203
0x065630	gruntentrancearrival	?RunMoveConfig@CGrunt@@QAEHHH@Z	96.2980	95.3490
0x061940	gruntentrancearrival	?StartTargetedAttackAnimation@CGrunt@@QAEHHH@Z	91.5951	91.5705
0x0646b0	gruntentrancearrival	?StepCombatReaction@CGrunt@@QAEHW4PickupType@@HHHHHH0@Z	97.7331	97.1872
0x062110	gruntentrancearrival	?UpdateArrival@CGrunt@@QAEHHH@Z	94.1261	92.4707
0x06a6d0	gruntentrancemove	?FinishActiveAction@CGrunt@@QAEHXZ	94.6523	93.9330
0x067b00	gruntentrancemove	?GruntInRadius@CGrunt@@QAEHHH@Z	90.9592	90.7347
0x067bd0	gruntentrancemove	?StartEntranceAnimation@CGrunt@@QAEHW4GruntEntranceMode@@@Z	100.0000	99.5161
0x0f0e20	gruntgoosuckerstep	?StepGooSuckerBehavior@CGrunt@@QAEHXZ	91.6483	85.3241
0x07f180	grunthealthsprite	?HealthUpdate@CGruntHealthSprite@@QAEHXZ	100.0000	95.0725
0x0f42f0	gruntscantarget	?StepSmartChaserBehavior@CGrunt@@QAEHXZ	95.8975	95.7170
0x07e9f0	gruntselectedsprite	?Update@CGruntSelectedSprite@@QAEHXZ	100.0000	81.8182
0x051c00	gruntsteps	?StepCompassMove@CGrunt@@QAEHXZ	74.9682	62.8182
0x052fb0	gruntsteps	?TryTeleportToCell@CGrunt@@QAEHHHHH@Z	95.9827	93.1946
0x032ce0	grunttilescan	?ScanRegion@CBattlezAiController@@QAEHPAVCGrunt@@@Z	81.9104	80.2577
0x07f960	grunttoysprite	?Update@CGruntToySprite@@QAEHXZ	100.0000	99.3000
0x0ed9f0	gruntwanderstep	?StepHitAndRunnerBehavior@CGrunt@@QAEHXZ	90.7694	90.7069
0x023d90	gruntzcmdmgr	?EnqueuePlaceGruntAtScreenPoint@CGruntzCmdMgr@@QAEXHHHHH@Z	100.0000	83.7895
0x083450	gruntzmgr	?Run@CGruntzMgr@@UAEHPAVCGameWnd@@PAD@Z	100.0000	99.1669
0x0862f0	gruntzmgrcmd	?HandleCommand@CGruntzMgr@@UAEHHW4GruntzCommandId@@H@Z	98.5681	97.6628
0x175e40	imagepool	?InitBmp@CDib@@QAEHPBDPAUHDC__@@I@Z	100.0000	97.9776
0x161590	imageset3g	?GetStride@CPixelTileImageSet@@UAEHXZ	100.0000	99.5000
0x0984b0	ingameicon	?PeekCycle@CInGameIcon@@QAEHXZ	93.8843	93.7190
0x0986b0	ingameicon	?PlaceAt@CInGameIcon@@QAEHHH@Z	96.3765	96.2956
0x162010	levelplane	?Draw@CDDrawWorkerHost@@QAEXPAVCDDrawSurfacePair@@@Z	87.7566	83.2420
0x0a3a20	lightfxrender	?DrawBorderRaw@CMinimap@@QAEXPAUtagRECT@@PADH@Z	98.4483	96.7931
0x0a3460	lightfxrender	?Refresh@CMinimap@@QAEHHH@Z	69.2227	68.2899
0x183b60	menupage	?Draw@CMenuPage@@QAEHPAVCDDrawSurfacePair@@@Z	100.0000	99.9806
0x0c0590	netsessionmgr	?ComputeChecksum@CNetSession@@QAEHXZ	96.4662	96.3919
0x0d0db0	play	?HandleDragMove@CPlay@@UAEHHHH@Z	97.4138	93.5785
0x0cbcc0	play	?OnKeyDown@CPlay@@UAEHHH@Z	92.6943	92.2827
0x0ce660	play	?OnLButtonDblClk@CPlay@@UAEHHHH@Z	98.9791	96.4843
0x0cdb10	play	?OnLButtonDown@CPlay@@UAEHHHH@Z	91.0339	90.0368
0x0d9290	play	?RandomizePlayerAssignments@CPlay@@QAEHXZ	100.0000	99.8477
0x0d0b30	play	?SaveUnderAndDrawCursor@CPlay@@QAEHPAVCDDrawSurfacePair@@@Z	100.0000	99.9755
0x0d1ac0	play	?StepScroll@CPlay@@QAEXXZ	100.0000	78.2069
0x0d2dd0	play	?ValidateLevelTiles@CPlay@@QAEHXZ	91.7086	91.4117
0x0dec60	projectile	??0CProjectile@@QAE@PAUCGameObject@@@Z	99.7721	48.4367
0x0b0140	rollingball	?Update@CRollingBall@@QAEHXZ	96.9690	96.9566
0x0e7440	sbi_imageset	?Render@CSBI_ImageSet@@UAEHXZ	100.0000	99.6842
0x0e7b00	sbi_imagesetani	?Render@CSBI_ImageSetAni@@UAEHXZ	100.0000	99.7333
0x0e82a0	sbi_menuitem	?Render@CSBI_MenuItem@@UAEHXZ	100.0000	74.0357
0x0fe910	sbi_rectonly	?HandleClick@CStatusBarMgr@@QAEHHHH@Z	99.7111	97.6338
0x0fe6b0	sbi_rectonly	?Render@CStatusBarMgr@@QAEHXZ	100.0000	99.7895
0x0ea6c0	sbi_statztabgruntbar	?UpdateIcons@CSBI_StatzTabGruntBar@@QAEHXZ	91.3681	91.2857
0x0eb880	sbi_warlordhead	?Render@CSBI_WarlordHead@@UAEHXZ	100.0000	96.4189
0x14eef0	shadetablecache	?GreyTable@CShadeTableCache@@QAEPAUCShadeTable@@XZ	97.5379	81.0985
0x0b1af0	spotlight	?Tick@CSpotLight@@QAEHXZ	84.2097	83.2984
0x09c0e0	spriteloaders	?AddTime@CLevelTimer@@QAEXHH@Z	100.0000	99.8214
0x0e2df0	spriteref	?Build@CGruntPalette@@QAEHPAVCShadeTableCache@@PAUCShadeTable@@W4ColorTint@@@Z	100.0000	83.1877
0x0e8cb0	statusbartabbuilders	?Render@CSBI_GruntMachine@@UAEHXZ	100.0000	95.7692
0x075e90	terraintileloader	?HandleToolAnimationCue@CTriggerMgr@@QAEHHHHHW4PickupType@@W4WwdAniDrawValue@@@Z	86.1938	85.7626
0x10ee20	tilelogicpump	??0CCheckpointTrigger@@QAE@PAUCGameObject@@@Z	99.9398	99.8675
0x10f6a0	tilelogicpump	?TryActivateCheckpoint@CCheckpointTrigger@@QAEHXZ	100.0000	98.3602
0x110c10	tileswitchlogic	?Tick@CTileTriggerLogic@@UAEHXZ	95.5831	94.9255
0x07cf40	triggermgr	?CenterOnGroup@CTriggerMgr@@QAEHH@Z	98.9381	93.3186
0x078430	triggermgr	?ClearSelection@CTriggerMgr@@QAEXXZ	100.0000	99.3902
0x07b1b0	triggermgr	?HandleActionOptionsPointer@CTriggerMgr@@QAEHHH@Z	100.0000	95.7549
0x079520	triggermgr	?HandleTargetSelection@CTriggerMgr@@QAEHHHHHHW4TargetSelectionKind@@H@Z	99.8538	90.7510
0x0798d0	triggermgr	?OpenActionOptionsMenu@CTriggerMgr@@QAEHHHHH@Z	100.0000	96.6045
0x07d450	triggermgr	?ToggleToolTargeting@CTriggerMgr@@QAEHXZ	100.0000	92.0121
0x07d5c0	triggermgr	?ToggleToyTargeting@CTriggerMgr@@QAEHXZ	100.0000	99.1892
0x0788d0	triggermgr	?UpdateCameraTracking@CTriggerMgr@@QAEHXZ	100.0000	99.1379
0x078a50	triggermgr	?UpdateTargetingCursor@CTriggerMgr@@QAEHHH@Z	91.3955	91.1596
0x06d300	triggermgrgrid	?ApplySwitch@CTriggerMgr@@QAEHPAVCGrunt@@HH@Z	98.7466	93.6448
0x06dae0	triggermgrgrid	?UseEquippedToolAt@CTriggerMgr@@QAEHHHHH@Z	90.2044	90.1934
0x06c130	triggermgrgrid	?WireTileSwitchLogic@CTriggerMgr@@QAEHPAVCGrunt@@HH@Z	92.5538	89.1185
0x041aa0	wormhole	?Update@CTeleporter@@QAEHXZ	100.0000	99.6154
0x1523f0	wwdgameobject	?GetMemoryUsage@CDDrawWorker@@QAEHH@Z	100.0000	99.9623
0x1660f0	wwdgameobjectrender	?Render@CWwdDotObject@@UAEXPAVCDDrawSurfacePair@@@Z	100.0000	99.8378
0x159f00	wwdobjmgr	?CollideBroadcast@CDDrawChildGroup@@UAEXXZ	100.0000	99.8571
0x15a210	wwdobjmgr	?DrawObjectDebugGeometry@CDDrawChildGroup@@QAEXXZ	97.8145	95.5362
