# unit-level REL32 call-count divergence, base vs delinked target.
# ours>retail: we call where retail expanded (or delink packing).
# ours<retail: we expand where retail called. Generated by the EH-map campaign screen.
unit	callee	ours	retail
actionarea	??0?$zDArray@P8CUserLogic@@AEHXZ@@QAE@HH@Z	1	0
actionarea	??1?$zDArray@P8CUserLogic@@AEHXZ@@UAE@XZ	1	0
advancedoptions	?Close@RegistryHelper@Utils@@QAEXXZ	2	1
anicycle	??0?$zDArray@P8CUserLogic@@AEHXZ@@QAE@HH@Z	1	0
anicycle	??1?$zDArray@P8CUserLogic@@AEHXZ@@UAE@XZ	1	0
anicycle	??1CUserBase@@UAE@XZ	3	2
anicycle	??1CUserLogic@@UAE@XZ	2	1
anicycle	??1zBitVec@@UAE@XZ	5	4
anicycle	??3@YAXPAX@Z	3	1
anicycle	?Chain@CWapX@@QAEHPAVCFileMemBase@@W4SerialMode@@W4LogicTypeId@@PAUCGameObject@@@Z	1	0
anicycle	?SerializeMove@CUserLogic@@UAEHPAVCFileMemBase@@W4SerialMode@@W4LogicTypeId@@PAUCGameObject@@@Z	1	0
anirecord	??3@YAXPAX@Z	4	3
areamgr	??0CAreaMgr@@QAE@XZ	1	0
areamgr	??0CString@@QAE@ABV0@@Z	3	2
areamgr	??1CAreaMgr@@QAE@XZ	1	0
arrayserialize	??2@YAPAXI@Z	15	2
arrayserialize	??3@YAXPAX@Z	19	4
arrayserialize	?ConstructElements@@YGXPAPAUPLAYLISTINFOSTRUCT@@H@Z	1	0
arrayserialize	?SetSize@?$CArray@PAUPLAYLISTINFOSTRUCT@@PAU1@@@QAEXHH@Z	3	0
attractstate	??3@YAXPAX@Z	2	1
attractstate	?ReleaseResources@CState@@UAEXXZ	4	2
battlezdlgcolors	??1CDialog@@UAE@XZ	4	1
battlezdlgcolors	??1CString@@QAE@XZ	1	0
battlezmapconfig	??1CPtrList@@UAE@XZ	25	24
battlezunitstep	??0CRect@@QAE@HHHH@Z	4	3
battlezunitstep	?RemoveAll@CPtrList@@QAEXXZ	11	10
behindcandy	??1CUserBase@@UAE@XZ	3	2
behindcandy	??1CUserLogic@@UAE@XZ	2	1
behindcandy	??1zBitVec@@UAE@XZ	5	4
behindcandy	??3@YAXPAX@Z	3	1
behindcandyani	??0?$zDArray@P8CUserLogic@@AEHXZ@@QAE@HH@Z	1	0
behindcandyani	??1?$zDArray@P8CUserLogic@@AEHXZ@@UAE@XZ	1	0
behindcandyani	??1CUserBase@@UAE@XZ	3	2
behindcandyani	??1CUserLogic@@UAE@XZ	2	1
behindcandyani	??1zBitVec@@UAE@XZ	5	4
behindcandyani	??3@YAXPAX@Z	3	1
behindcandyani	?Chain@CWapX@@QAEHPAVCFileMemBase@@W4SerialMode@@W4LogicTypeId@@PAUCGameObject@@@Z	1	0
behindcandyani	?SerializeMove@CUserLogic@@UAEHPAVCFileMemBase@@W4SerialMode@@W4LogicTypeId@@PAUCGameObject@@@Z	1	0
bootystateactivate	??0CButeMgr@@QAE@XZ	1	0
bootystateactivate	??0CString@@QAE@ABV0@@Z	4	3
bootystateactivate	??0CString@@QAE@PBD@Z	31	15
bootystateactivate	??0CString@@QAE@XZ	29	21
bootystateactivate	??0CWinApp@@QAE@PBD@Z	1	0
bootystateactivate	??1CBSecStream@@UAE@XZ	3	0
bootystateactivate	??1CButeMgr@@QAE@XZ	1	0
bootystateactivate	??1CButeTail@@QAE@XZ	1	0
bootystateactivate	??1CString@@QAE@XZ	106	89
bootystateactivate	??1CWinApp@@UAE@XZ	1	0
bootystateactivate	??1zErrHandling@@UAE@XZ	10	0
bootystateactivate	??1zPTree@@UAE@XZ	1	0
bootystateactivate	??1zPtrColl@@UAE@XZ	10	0
bootystateactivate	??3@YAXPAX@Z	5	2
bootystateactivate	??_EzPTree@@UAEPAXI@Z	1	0
bootystateactivate	??_M@YGXPAXIHP6EX0@Z@Z	2	0
bootystateactivate	?ClearRecursive@zPTree@@QAEXPAUCButeTreeNode@@@Z	5	0
bootystateactivate	?ReleaseResources@CState@@UAEXXZ	6	4
buteglobals	??0CString@@QAE@XZ	1	0
buteglobals	??0_zdvec@@QAE@HHHPAX@Z	1	0
buteglobals	??0zPTree@@QAE@P6AXPAX@ZH@Z	1	0
buteglobals	??1CString@@QAE@XZ	2	1
buteglobals	??1_zvec@@UAE@XZ	2	1
buteglobals	??1zErrHandling@@UAE@XZ	3	1
buteglobals	??1zPtrColl@@UAE@XZ	3	1
buteglobals	??3@YAXPAX@Z	4	3
buteglobals	??_ECButeTree@@UAEPAXI@Z	1	0
buteglobals	??_EzPTree@@UAEPAXI@Z	1	0
buteglobals	?ClearRecursive@zPTree@@QAEXPAUCButeTreeNode@@@Z	3	1
butemgr	??0CButeValue@@QAE@W4ButeType@@ABVCString@@@Z	3	4
butemgr	??0CButeValue@@QAE@W4ButeType@@H@Z	3	4
butemgr	??0CButeValue@@QAE@W4ButeType@@K@Z	3	4
butemgr	??0CButeValue@@QAE@W4ButeType@@M@Z	3	4
butemgr	??0CButeValue@@QAE@W4ButeType@@N@Z	3	4
butemgr	??0CButeValue@@QAE@W4ButeType@@PAUButeDoubleRange@@@Z	3	4
butemgr	??0CButeValue@@QAE@W4ButeType@@PAUButeDoubleVector@@@Z	3	4
butemgr	??0CButeValue@@QAE@W4ButeType@@PAUButeIntPoint@@@Z	3	4
butemgr	??0CButeValue@@QAE@W4ButeType@@PAUButeIntRect@@@Z	3	4
butemgr	??0CString@@QAE@ABV0@@Z	7	6
butemgr	??1CString@@QAE@XZ	13	11
butemgr	??1ifstream@@UAE@XZ	2	1
butemgr	??1ios@@UAE@XZ	6	4
butemgr	??1ofstream@@UAE@XZ	2	1
butemgr	??1zErrHandling@@UAE@XZ	6	2
butemgr	??1zPTree@@UAE@XZ	1	0
butemgr	??1zPtrColl@@UAE@XZ	6	2
butemgr	??2@YAPAXI@Z	124	115
butemgr	??3@YAXPAX@Z	96	93
butemgr	??4CString@@QAEABV0@ABV0@@Z	11	10
butemgr	??_ECBSecStream@@UAEPAXI@Z	1	0
butemgr	??_ECButeNode@@UAEPAXI@Z	1	0
butemgr	??_EzPTree@@UAEPAXI@Z	1	0
butemgr	?ClearRecursive@zPTree@@QAEXPAUCButeTreeNode@@@Z	3	1
butemgr	?Insert@zPTree@@QAEPAXPBDPAX@Z	41	42
butemgr	?Parse@CButeMgr@@QAE_NXZ	8	5
butetree	?Walk@zPTree@@QAEXP6AXPADPAX1@Z1PAUCButeTreeNode@@@Z	1	0
chatboxowner	??0CString@@QAE@XZ	3	2
chatboxowner	??0istrstream@@QAE@PADH@Z	3	2
chatboxowner	??1CString@@QAE@XZ	37	35
chatboxowner	??_EzPTree@@UAEPAXI@Z	1	0
chatboxowner	??_GzPTree@@UAEPAXI@Z	0	1
chatboxowner	?out_waiting@streambuf@@QBEHXZ	0	1
chatboxowner	?rdbuf@ostrstream@@QBEPAVstrstreambuf@@XZ	0	1
checkpointdlg	??0CPtrList@@QAE@H@Z	2	0
checkpointdlg	??1CPtrList@@UAE@XZ	2	0
cimage	??1CResolveNode@@UAE@XZ	2	0
cimage	??3@YAXPAX@Z	3	2
cimagecomdats	??3@YAXPAX@Z	2	1
creditsstate	??1?$CArray@PAUPLAYLISTINFOSTRUCT@@PAU1@@@UAE@XZ	2	1
creditsstate	??1CGdiObject@@UAE@XZ	1	0
creditsstate	??1CObject@@UAE@XZ	5	3
creditsstate	??2@YAPAXI@Z	3	1
creditsstate	??3@YAXPAX@Z	11	4
creditsstate	?DeleteObject@CGdiObject@@QAEHXZ	3	2
creditsstate	?Read@CArchive@@QAEIPAXI@Z	1	0
creditsstate	?ReadCount@CArchive@@QAEKXZ	1	0
creditsstate	?ReleaseResources@CState@@UAEXXZ	4	2
creditsstate	?Write@CArchive@@QAEXPBXI@Z	1	0
creditsstate	?WriteCount@CArchive@@QAEXK@Z	1	0
cremusnode	??3@YAXPAX@Z	2	1
cursorsnapactreg	??0?$zDArray@P8CUserLogic@@AEHXZ@@QAE@HH@Z	1	0
cursorsnapactreg	??1?$zDArray@P8CUserLogic@@AEHXZ@@UAE@XZ	1	0
cursorsnapsprite	??1CUserBase@@UAE@XZ	3	2
cursorsnapsprite	??1CUserLogic@@UAE@XZ	2	1
cursorsnapsprite	??1zBitVec@@UAE@XZ	5	4
cursorsnapsprite	??3@YAXPAX@Z	4	2
customleveldlg	??0CString@@QAE@PBD@Z	2	4
customleveldlg	??1CString@@QAE@XZ	7	6
customleveldlg	??H@YG?AVCString@@ABV0@PBD@Z	4	2
customworlddialog	??0CString@@QAE@XZ	3	0
customworlddialog	??1CString@@QAE@XZ	18	15
customworlddialog	?AfxGetModuleState@@YGPAVAFX_MODULE_STATE@@XZ	3	2
customworlddialog	?EndWaitCursor@CCmdTarget@@QAEXXZ	2	1
ddpagemgr	??3@YAXPAX@Z	9	8
ddrawsubmgr	??1CWapObj@@UAE@XZ	10	9
ddrawsubmgr	??3@YAXPAX@Z	19	16
ddrawsubmgr	?ScanTree@CDDrawSubMgrLeafScan@@QAEHPAVCSymTab@@PBD1@Z	1	0
ddrawsubmgrleaf	??3@YAXPAX@Z	4	2
ddrawsubmgrleaf	?ScanTree@CDDrawSubMgrLeaf@@QAEHPAVCSymTab@@PBD1@Z	1	0
ddrawsurfacemgr	??1CDDrawChildGroup@@UAE@XZ	1	0
ddrawsurfacemgr	??1CDDrawSubMgrLeaf@@UAE@XZ	1	0
ddrawsurfacemgr	??1CDDrawSubMgrLeafScan@@UAE@XZ	1	0
ddrawsurfacemgr	??1CDDrawSubMgrPages@@UAE@XZ	1	0
ddrawsurfacemgr	??1CDDrawWorkerCache@@UAE@XZ	1	0
ddrawsurfacemgr	??1CDDrawWorkerList@@UAE@XZ	1	0
ddrawsurfacemgr	??1CDDrawWorkerMapSmall@@UAE@XZ	1	0
ddrawsurfacemgr	??1CDDrawWorkerRegistry@@UAE@XZ	1	0
ddrawsurfacemgr	??1CFile@@UAE@XZ	55	49
ddrawsurfacemgr	??1CFileMem@@UAE@XZ	10	8
ddrawsurfacemgr	??1CFileMemBase@@UAE@XZ	44	45
ddrawsurfacemgr	??1CString@@QAE@XZ	20	8
ddrawsurfacemgr	??1CWapObj@@UAE@XZ	8	7
ddrawsurfacemgr	??3@YAXPAX@Z	17	5
ddrawsurfacepair	??1AnimWorkerObj@@UAE@XZ	1	0
ddrawsurfacepair	??1CAniRecordBase2@@UAE@XZ	1	0
ddrawsurfacepair	??1CAniRecordView@@UAE@XZ	1	0
ddrawsurfacepair	??3@YAXPAX@Z	7	4
ddrawworkerhost	??3@YAXPAX@Z	5	4
ddrawworkerregistry	??3@YAXPAX@Z	7	5
ddsurface	??0CPtrArray@@QAE@XZ	2	1
ddsurface	??1CPtrArray@@UAE@XZ	3	2
debugprintf	??0CDebugConfig@@QAE@XZ	1	0
debugprintf	??1CDebugConfig@@QAE@XZ	1	0
directdrawmgr	??0CPtrArray@@QAE@XZ	15	14
directdrawmgr	??1CDDSurface@@UAE@XZ	1	0
directdrawmgr	??1CPtrArray@@UAE@XZ	13	10
directdrawmgr	??3@YAXPAX@Z	26	25
directdrawmgr	?FreeSurfaces@CDDSurface@@UAEXXZ	5	4
donothing	??0zBitVec@@QAE@XZ	2	1
donothing	??1CUserBase@@UAE@XZ	5	3
donothing	??1CUserLogic@@UAE@XZ	2	1
donothing	??1zBitVec@@UAE@XZ	6	5
donothing	??2@YAPAXI@Z	1	0
donothing	??3@YAXPAX@Z	5	2
droppedobject	??0?$zDArray@P8CUserLogic@@AEHXZ@@QAE@HH@Z	3	0
droppedobject	??1?$zDArray@P8CUserLogic@@AEHXZ@@UAE@XZ	3	0
droppedobject	??1CUserBase@@UAE@XZ	7	6
droppedobject	??1CUserLogic@@UAE@XZ	4	3
droppedobject	??1zBitVec@@UAE@XZ	13	12
droppedobject	??3@YAXPAX@Z	8	6
exittrigger	??1CUserBase@@UAE@XZ	3	2
exittrigger	??1CUserLogic@@UAE@XZ	2	1
exittrigger	??1zBitVec@@UAE@XZ	5	4
exittrigger	??3@YAXPAX@Z	3	1
eyecandy	??1CUserBase@@UAE@XZ	3	2
eyecandy	??1CUserLogic@@UAE@XZ	2	1
eyecandy	??1zBitVec@@UAE@XZ	5	4
eyecandy	??3@YAXPAX@Z	3	1
fader	??3@YAXPAX@Z	8	7
fadermgr	??3@YAXPAX@Z	15	14
font	??0CString@@QAE@ABV0@@Z	26	27
font	?DrawLine@FontRenderer@@QAEXVCString@@PAVCDDSurface@@HHH@Z	5	6
font	?Width@CRect@@QBEHXZ	0	5
fontconfig	??1CObject@@UAE@XZ	3	1
fontconfig	??1CPen@@UAE@XZ	1	0
fontconfig	??3@YAXPAX@Z	7	5
fontconfig	?DeleteObject@CGdiObject@@QAEHXZ	3	1
fonts	??0Font@@QAE@XZ	4	0
fonts	??0FontRenderer@@QAE@XZ	1	0
fonts	??1Font@@QAE@XZ	4	0
fonts	??1FontRenderer@@QAE@XZ	1	0
fortconquered	??0CString@@QAE@ABV0@@Z	1	0
fortressflag	??0?$zDArray@P8CUserLogic@@AEHXZ@@QAE@HH@Z	3	0
fortressflag	??1?$zDArray@P8CUserLogic@@AEHXZ@@UAE@XZ	3	0
fortressflag	??1CUserBase@@UAE@XZ	7	6
fortressflag	??1CUserLogic@@UAE@XZ	4	3
fortressflag	??1zBitVec@@UAE@XZ	13	12
fortressflag	??3@YAXPAX@Z	7	5
fortressflag	?Chain@CWapX@@QAEHPAVCFileMemBase@@W4SerialMode@@W4LogicTypeId@@PAUCGameObject@@@Z	3	1
fortressflag	?SerializeMove@CUserLogic@@UAEHPAVCFileMemBase@@W4SerialMode@@W4LogicTypeId@@PAUCGameObject@@@Z	3	1
frontcandyani	??0?$zDArray@P8CUserLogic@@AEHXZ@@QAE@HH@Z	1	0
frontcandyani	??1?$zDArray@P8CUserLogic@@AEHXZ@@UAE@XZ	1	0
frontcandyani	??1CUserBase@@UAE@XZ	7	6
frontcandyani	??1CUserLogic@@UAE@XZ	4	3
frontcandyani	??1zBitVec@@UAE@XZ	13	12
frontcandyani	??3@YAXPAX@Z	5	3
gameapp	??3@YAXPAX@Z	4	2
gameapp	?Close@CGameMgr@@UAEXXZ	1	0
gameapp	?CloseResources@CGameApp@@UAEXXZ	1	0
gamelevel	??1CObject@@UAE@XZ	0	1
gamelevel	??1CTileImageSet@@UAE@XZ	1	0
gamelevel	??1CWapObj@@UAE@XZ	3	2
gamelevel	??3@YAXPAX@Z	13	10
gamewnd	??3@YAXPAX@Z	1	0
gamewnd	?Destroy@CGameWnd@@QAEXXZ	1	0
grunt	??1CMovingLogic@@UAE@XZ	3	2
grunt	??1CUserBase@@UAE@XZ	3	1
grunt	??1CUserLogic@@UAE@XZ	2	1
grunt	??1zBitVec@@UAE@XZ	3	1
grunt	??3@YAXPAX@Z	6	3
grunt	?GetIntDef@CButeMgr@@QAEHPBD0H@Z	24	25
gruntarrivalupdate	?CommitNeighbor@CGrunt@@QAEHHHHH@Z	3	2
gruntassetloaders	?ApplyGeometryDirect@CWwdGameObjectA@@QAEXPAVCAniElement@@H@Z	11	12
gruntassetloaders	?ApplyLookupSprite@CWwdGameObjectA@@QAEXPBDH@Z	11	12
gruntassetloaders	?PointInBounds@CGameLevel@@SAHPBUtagRECT@@HH@Z	11	12
gruntchargestep	?CommitNeighbor@CGrunt@@QAEHHHHH@Z	3	2
gruntchargestep	?ResetEntranceAnimation@CGrunt@@QAEXHHH@Z	1	2
gruntcombat	??0?$zDArray@P8CUserLogic@@AEHXZ@@QAE@HH@Z	1	0
gruntcombat	??1?$zDArray@P8CUserLogic@@AEHXZ@@UAE@XZ	1	0
gruntcreationpoint	??0?$zDArray@P8CUserLogic@@AEHXZ@@QAE@HH@Z	1	0
gruntcreationpoint	??1?$zDArray@P8CUserLogic@@AEHXZ@@UAE@XZ	1	0
gruntcreationpoint	??1CUserBase@@UAE@XZ	3	2
gruntcreationpoint	??1CUserLogic@@UAE@XZ	2	1
gruntcreationpoint	??1zBitVec@@UAE@XZ	5	4
gruntcreationpoint	??3@YAXPAX@Z	3	1
gruntdefensestep	?CommitNeighbor@CGrunt@@QAEHHHHH@Z	3	2
gruntentrancearrival	?SetEntrancePos@CGrunt@@QAEXHH@Z	9	8
grunthealthsprite	??0?$zDArray@P8CUserLogic@@AEHXZ@@QAE@HH@Z	1	0
grunthealthsprite	??1?$zDArray@P8CUserLogic@@AEHXZ@@UAE@XZ	1	0
grunthealthsprite	??1CUserBase@@UAE@XZ	3	2
grunthealthsprite	??1CUserLogic@@UAE@XZ	2	1
grunthealthsprite	??1zBitVec@@UAE@XZ	5	4
grunthealthsprite	??3@YAXPAX@Z	3	1
gruntpowerupsprite	??0?$zDArray@P8CUserLogic@@AEHXZ@@QAE@HH@Z	1	0
gruntpowerupsprite	??1?$zDArray@P8CUserLogic@@AEHXZ@@UAE@XZ	1	0
gruntpowerupsprite	??1CUserBase@@UAE@XZ	3	2
gruntpowerupsprite	??1CUserLogic@@UAE@XZ	2	1
gruntpowerupsprite	??1zBitVec@@UAE@XZ	5	4
gruntpowerupsprite	??3@YAXPAX@Z	3	1
gruntselectedsprite	??0?$zDArray@P8CUserLogic@@AEHXZ@@QAE@HH@Z	1	0
gruntselectedsprite	??1?$zDArray@P8CUserLogic@@AEHXZ@@UAE@XZ	1	0
gruntselectedsprite	??1CUserBase@@UAE@XZ	3	2
gruntselectedsprite	??1CUserLogic@@UAE@XZ	2	1
gruntselectedsprite	??1zBitVec@@UAE@XZ	5	4
gruntselectedsprite	??3@YAXPAX@Z	3	1
gruntspawnconfig	??1CString@@QAE@XZ	31	43
gruntstaminasprite	??1CUserBase@@UAE@XZ	3	1
gruntstaminasprite	??1CUserLogic@@UAE@XZ	1	0
gruntstaminasprite	??1zBitVec@@UAE@XZ	3	1
gruntstaminasprite	??3@YAXPAX@Z	3	1
gruntstartingpoint	??0?$zDArray@P8CUserLogic@@AEHXZ@@QAE@HH@Z	1	0
gruntstartingpoint	??1?$zDArray@P8CUserLogic@@AEHXZ@@UAE@XZ	1	0
gruntstartingpoint	??1CUserBase@@UAE@XZ	3	2
gruntstartingpoint	??1CUserLogic@@UAE@XZ	2	1
gruntstartingpoint	??1zBitVec@@UAE@XZ	5	4
gruntstartingpoint	??3@YAXPAX@Z	3	1
gruntstartingpoint	?Chain@CWapX@@QAEHPAVCFileMemBase@@W4SerialMode@@W4LogicTypeId@@PAUCGameObject@@@Z	1	0
gruntstartingpoint	?SerializeMove@CUserLogic@@UAEHPAVCFileMemBase@@W4SerialMode@@W4LogicTypeId@@PAUCGameObject@@@Z	1	0
grunttoysprite	??0?$zDArray@P8CUserLogic@@AEHXZ@@QAE@HH@Z	1	0
grunttoysprite	??1?$zDArray@P8CUserLogic@@AEHXZ@@UAE@XZ	1	0
grunttoysprite	??1CUserBase@@UAE@XZ	3	2
grunttoysprite	??1CUserLogic@@UAE@XZ	2	1
grunttoysprite	??1zBitVec@@UAE@XZ	5	4
grunttoysprite	??3@YAXPAX@Z	3	1
grunttoytimesprite	??1CUserBase@@UAE@XZ	3	1
grunttoytimesprite	??1CUserLogic@@UAE@XZ	1	0
grunttoytimesprite	??1zBitVec@@UAE@XZ	3	1
grunttoytimesprite	??3@YAXPAX@Z	3	1
gruntvoice	??0?$zDArray@P8CUserLogic@@AEHXZ@@QAE@HH@Z	2	0
gruntvoice	??1?$zDArray@P8CUserLogic@@AEHXZ@@UAE@XZ	2	0
gruntvoice	??1CUFO@@UAE@XZ	1	0
gruntvoice	??1CUserBase@@UAE@XZ	7	6
gruntvoice	??1CUserLogic@@UAE@XZ	3	2
gruntvoice	??1zBitVec@@UAE@XZ	10	9
gruntvoice	??3@YAXPAX@Z	6	4
gruntwingztimesprite	??1CUserBase@@UAE@XZ	3	1
gruntwingztimesprite	??1CUserLogic@@UAE@XZ	1	0
gruntwingztimesprite	??1zBitVec@@UAE@XZ	3	1
gruntwingztimesprite	??3@YAXPAX@Z	3	1
gruntzmgr	??0?$CArray@PAUPLAYLISTINFOSTRUCT@@PAU1@@@QAE@XZ	0	1
gruntzmgr	??0CString@@QAE@ABV0@@Z	4	3
gruntzmgr	??1?$CArray@PAUPLAYLISTINFOSTRUCT@@PAU1@@@UAE@XZ	5	4
gruntzmgr	??1CAttract@@UAE@XZ	1	0
gruntzmgr	??1CBootyState@@UAE@XZ	1	0
gruntzmgr	??1CCreditsState@@UAE@XZ	1	0
gruntzmgr	??1CDWordArray@@UAE@XZ	8	2
gruntzmgr	??1CDialog@@UAE@XZ	12	9
gruntzmgr	??1CFile@@UAE@XZ	12	6
gruntzmgr	??1CGdiObject@@UAE@XZ	1	0
gruntzmgr	??1CMultiBootyState@@UAE@XZ	1	0
gruntzmgr	??1CObject@@UAE@XZ	2	1
gruntzmgr	??1CString@@QAE@XZ	71	70
gruntzmgr	??2@YAPAXI@Z	16	14
gruntzmgr	??3@YAXPAX@Z	60	47
gruntzmgr	?AfxGetModuleState@@YGPAVAFX_MODULE_STATE@@XZ	5	4
gruntzmgr	?Close@CFecFile@@QAEXXZ	4	1
gruntzmgr	?Close@RegistryHelper@Utils@@QAEXXZ	7	6
gruntzmgr	?DeleteObject@CGdiObject@@QAEHXZ	2	0
gruntzmgr	?EndWaitCursor@CCmdTarget@@QAEXXZ	4	3
gruntzmgr	?Read@CArchive@@QAEIPAXI@Z	1	0
gruntzmgr	?ReadCount@CArchive@@QAEKXZ	1	0
gruntzmgr	?Teardown@CMoviePlayer@@QAEXXZ	7	4
gruntzmgr	?Write@CArchive@@QAEXPBXI@Z	1	0
gruntzmgr	?WriteCount@CArchive@@QAEXK@Z	1	0
gruntzmgrcmd	??4CString@@QAEABV0@ABV0@@Z	1	2
gruntzmgrcmd	?ReportError@CGruntzMgr@@QAEXIJ@Z	4	6
gruntzsoundz	??3@YAXPAX@Z	3	2
guardpoint	??1CUserBase@@UAE@XZ	3	2
guardpoint	??1CUserLogic@@UAE@XZ	1	0
guardpoint	??1zBitVec@@UAE@XZ	5	4
guardpoint	??3@YAXPAX@Z	3	1
helpstate	??1CHelpState@@UAE@XZ	1	0
helpstate	??1CSplashState@@UAE@XZ	1	0
helpstate	??3@YAXPAX@Z	3	0
helpstate	?ReleaseResources@CState@@UAEXXZ	5	3
ingameicon	??0?$zDArray@P8CUserLogic@@AEHXZ@@QAE@HH@Z	3	0
ingameicon	??1?$zDArray@P8CUserLogic@@AEHXZ@@UAE@XZ	3	0
ingameicon	??1CUserBase@@UAE@XZ	7	6
ingameicon	??1CUserLogic@@UAE@XZ	4	3
ingameicon	??1zBitVec@@UAE@XZ	13	12
ingameicon	??3@YAXPAX@Z	5	3
kitchenslime	??0?$zDArray@P8CUserLogic@@AEHXZ@@QAE@HH@Z	1	0
kitchenslime	??1?$zDArray@P8CUserLogic@@AEHXZ@@UAE@XZ	1	0
kitchenslime	??1CUserBase@@UAE@XZ	3	2
kitchenslime	??1CUserLogic@@UAE@XZ	2	1
kitchenslime	??1zBitVec@@UAE@XZ	5	4
kitchenslime	??3@YAXPAX@Z	3	1
levelplane	??1CAniAdvanceCursor@@UAE@XZ	2	0
levelplane	??1CDDrawWorkerHost@@UAE@XZ	1	0
levelplane	??1CGameObject@@UAE@XZ	3	1
levelplane	??1CResolveNode@@UAE@XZ	3	0
levelplane	??1CString@@QAE@XZ	24	20
levelplane	??1CWapObj@@UAE@XZ	5	1
levelplane	??1CWwdGameObjectA@@UAE@XZ	1	0
levelplane	??1WwdDirtyRect@@QAE@XZ	2	0
levelplane	??1WwdRegion@@QAE@XZ	2	0
levelplane	??3@YAXPAX@Z	14	5
levelplane	?Unload@CAniAdvanceCursor@@UAEXXZ	2	0
lightfx	??0?$zDArray@P8CUserLogic@@AEHXZ@@QAE@HH@Z	1	0
lightfx	??1?$zDArray@P8CUserLogic@@AEHXZ@@UAE@XZ	1	0
lightfx	??1CUserBase@@UAE@XZ	3	2
lightfx	??1CUserLogic@@UAE@XZ	1	0
lightfx	??1zBitVec@@UAE@XZ	5	4
lightfx	??3@YAXPAX@Z	4	2
logicdispatchinit	??0?$zDArray@P8CUserLogic@@AEHXZ@@QAE@HH@Z	1	0
logicdispatchinit	??1?$zDArray@P8CUserLogic@@AEHXZ@@UAE@XZ	1	0
logicworkerhandlersa	??1CDoNothingNormal@@UAE@XZ	1	0
logicworkerhandlersa	??1CUserBase@@UAE@XZ	2	0
logicworkerhandlersa	??1CUserLogic@@UAE@XZ	1	0
logicworkerhandlersa	??1zBitVec@@UAE@XZ	2	0
logicworkerhandlersa	??3@YAXPAX@Z	18	15
menupage	??1CMenuItem2@@UAE@XZ	1	0
menupage	??1CMenuItem@@UAE@XZ	1	0
menupage	??1CString@@QAE@XZ	49	37
menupage	??3@YAXPAX@Z	6	4
menupage	?Cleanup@CMenuItem@@UAEXXZ	1	0
menupage	?Empty@CString@@QAEXXZ	16	12
menusparkle	??0?$zDArray@P8CUserLogic@@AEHXZ@@QAE@HH@Z	1	0
menusparkle	??1?$zDArray@P8CUserLogic@@AEHXZ@@UAE@XZ	1	0
menusparkle	??1CUserBase@@UAE@XZ	3	2
menusparkle	??1CUserLogic@@UAE@XZ	2	1
menusparkle	??1zBitVec@@UAE@XZ	5	4
menusparkle	??3@YAXPAX@Z	3	1
menustate	??1CMenuState@@UAE@XZ	1	0
menustate	??3@YAXPAX@Z	4	2
menustate	?ReleaseResources@CState@@UAEXXZ	4	2
motionstate	??1CUserBase@@UAE@XZ	2	1
motionstate	??1CUserLogic@@UAE@XZ	1	0
motionstate	??1zBitVec@@UAE@XZ	4	3
motionstate	??3@YAXPAX@Z	2	0
multi	??0CFile@@QAE@XZ	1	0
multi	??0CString@@QAE@ABV0@@Z	8	4
multi	??0CString@@QAE@XZ	4	3
multi	??1CFile@@UAE@XZ	1	0
multi	??1CMulti@@UAE@XZ	1	0
multi	??1CPlay@@UAE@XZ	2	1
multi	??1CPtrArray@@UAE@XZ	10	6
multi	??1CState@@UAE@XZ	2	1
multi	??1CString@@QAE@XZ	127	122
multi	??3@YAXPAX@Z	14	9
multi	??_M@YGXPAXIHP6EX0@Z@Z	10	8
multi	?ReleaseResources@CPlay@@UAEXXZ	3	2
multi	?ReleaseResources@CState@@UAEXXZ	4	1
multistartdlg	??0CString@@QAE@ABV0@@Z	2	0
multistartdlg	??1CDialog@@UAE@XZ	3	1
multistartdlg	??1CString@@QAE@XZ	15	13
multistartdlg	??1CStringList@@UAE@XZ	1	0
multistartdlgroster	??0CString@@QAE@PBD@Z	4	0
multistartdlgroster	??1CBrush@@UAE@XZ	3	2
multistartdlgroster	??1CDialog@@UAE@XZ	10	7
multistartdlgroster	??1CGdiObject@@UAE@XZ	1	0
multistartdlgroster	??1CObject@@UAE@XZ	4	2
multistartdlgroster	??1CString@@QAE@XZ	17	16
multistartdlgroster	??3@YAXPAX@Z	4	1
multistartdlgroster	??_M@YGXPAXIHP6EX0@Z@Z	1	0
multistartdlgroster	?DeleteObject@CGdiObject@@QAEHXZ	4	2
netcmdslot	??0CPtrList@@QAE@H@Z	1	0
netcmdslot	??1CPtrList@@UAE@XZ	1	0
netlobbydialogs	??0CString@@QAE@XZ	2	1
netlobbydialogs	??1CString@@QAE@XZ	3	2
netmgr	??3@YAXPAX@Z	11	9
pathhazard	??0?$zDArray@P8CUserLogic@@AEHXZ@@QAE@HH@Z	1	0
pathhazard	??1?$zDArray@P8CUserLogic@@AEHXZ@@UAE@XZ	1	0
pathhazard	??1CUserBase@@UAE@XZ	5	3
pathhazard	??1CUserLogic@@UAE@XZ	2	1
pathhazard	??1zBitVec@@UAE@XZ	7	5
pathhazard	??3@YAXPAX@Z	5	3
play	??0CPtrList@@QAE@H@Z	5	4
play	??0CSbiHlRow@@QAE@XZ	2	0
play	??0CString@@QAE@ABV0@@Z	2	1
play	??1CPtrList@@UAE@XZ	19	11
play	??1CTileTriggerContainer@@QAE@XZ	1	2
play	??_H@YGXPAXIHP6EX0@Z@Z	1	2
play	?DtorBase@CTileTriggerContainer@@QAEXXZ	2	1
play	?EndParse@CParseSource@@QAEHXZ	2	1
play	?PlayIfElapsed@LeafCue@@QAEHHHHH@Z	15	16
play	?RebuildSelectionList@CTriggerMgr@@QAEHH@Z	9	8
playercommandstep	?ClearCell@CTriggerMgr@@QAEHHHHHH@Z	5	4
projectile	??0?$zDArray@P8CUserLogic@@AEHXZ@@QAE@HH@Z	2	0
projectile	??1?$zDArray@P8CUserLogic@@AEHXZ@@UAE@XZ	2	0
projectile	??1CMovingLogic@@UAE@XZ	3	2
projectile	??1CUserBase@@UAE@XZ	5	3
projectile	??1CUserLogic@@UAE@XZ	3	2
projectile	??1zBitVec@@UAE@XZ	7	5
projectile	??3@YAXPAX@Z	6	3
rezsync	??0CPtrList@@QAE@H@Z	8	7
rezsync	??0istrstream@@QAE@PADH@Z	3	2
rezsync	??3@YAXPAX@Z	29	28
rezsync	??3CDDrawSurfaceMgr@@SAXPAX@Z	1	0
rezsync	??3CObject@@SGXPAX@Z	0	1
rezsync	?out_waiting@streambuf@@QBEHXZ	0	1
rollingball	??0?$zDArray@P8CUserLogic@@AEHXZ@@QAE@HH@Z	1	0
rollingball	??1?$zDArray@P8CUserLogic@@AEHXZ@@UAE@XZ	1	0
rollingball	??1CUserBase@@UAE@XZ	3	2
rollingball	??1CUserLogic@@UAE@XZ	2	1
rollingball	??1zBitVec@@UAE@XZ	5	4
rollingball	??3@YAXPAX@Z	3	1
savegame	?AfxGetModuleState@@YGPAVAFX_MODULE_STATE@@XZ	4	3
savegame	?EndWaitCursor@CCmdTarget@@QAEXXZ	3	2
sbi_rectonly	??1CSBI_SideTab@@UAE@XZ	1	0
sbi_rectonly	??1CSBI_StatzTabGruntBar@@UAE@XZ	1	0
sbi_rectonly	??1CSBI_WarlordHead@@UAE@XZ	1	0
sbi_rectonly	??1CSBI_WellGoo@@UAE@XZ	1	0
sbi_rectonly	??3@YAXPAX@Z	65	61
sbi_rectonly	?AccrueScoreTime@CGruntzMgr@@QAEXXZ	3	2
sbi_rectonly	?AddTail@CPtrList@@QAEPAU__POSITION@@PAX@Z	69	68
sbi_rectonly	?ConfigureItem@DSoundCloneInst@@QAEHHHHH@Z	23	22
sbi_rectonly	?RemoveItemA@CDDrawPtrCollections@@QAEXPAVCDDSurface@@@Z	1	0
sbi_sidetab	??3@YAXPAX@Z	2	1
sbi_sidetab	?Reset@CStatusBarItem@@UAEXXZ	3	1
sbi_statztabgruntbar	??3@YAXPAX@Z	2	1
sbi_statztabgruntbar	?Reset@CStatusBarItem@@UAEXXZ	3	1
sbi_warlordhead	??1CSBI_Image@@UAE@XZ	3	1
sbi_warlordhead	??1CSBI_ImageSet@@UAE@XZ	2	1
sbi_warlordhead	??1CSBI_RectOnly@@UAE@XZ	4	1
sbi_warlordhead	??1CStatusBarItem@@UAE@XZ	4	1
sbi_warlordhead	??3@YAXPAX@Z	5	1
sbi_warlordhead	?Reset@CSBI_Image@@UAEXXZ	3	1
sbi_warlordhead	?Reset@CSBI_ImageSet@@UAEXXZ	3	2
sbi_warlordhead	?Reset@CSBI_RectOnly@@UAEXXZ	4	1
sbi_warlordhead	?Reset@CStatusBarItem@@UAEXXZ	6	1
sbi_wellgoo	??1CSBI_Image@@UAE@XZ	2	1
sbi_wellgoo	??1CSBI_RectOnly@@UAE@XZ	3	1
sbi_wellgoo	??1CStatusBarItem@@UAE@XZ	3	1
sbi_wellgoo	??3@YAXPAX@Z	4	1
sbi_wellgoo	?Reset@CSBI_Image@@UAEXXZ	2	1
sbi_wellgoo	?Reset@CSBI_RectOnly@@UAEXXZ	3	1
sbi_wellgoo	?Reset@CStatusBarItem@@UAEXXZ	5	1
secretteleportertrigger	??0?$zDArray@P8CUserLogic@@AEHXZ@@QAE@HH@Z	2	0
secretteleportertrigger	??1?$zDArray@P8CUserLogic@@AEHXZ@@UAE@XZ	2	0
secretteleportertrigger	??1CUserBase@@UAE@XZ	6	5
secretteleportertrigger	??1CUserLogic@@UAE@XZ	3	2
secretteleportertrigger	??1zBitVec@@UAE@XZ	9	8
secretteleportertrigger	??3@YAXPAX@Z	4	2
serialobjectfactory	??1CActionArea@@UAE@XZ	1	0
serialobjectfactory	??1CAniCycle@@UAE@XZ	1	0
serialobjectfactory	??1CBehindCandy@@UAE@XZ	1	0
serialobjectfactory	??1CBehindCandyAni@@UAE@XZ	1	0
serialobjectfactory	??1CBoomerang@@UAE@XZ	1	0
serialobjectfactory	??1CBrickz@@UAE@XZ	1	0
serialobjectfactory	??1CCheckpointTrigger@@UAE@XZ	1	0
serialobjectfactory	??1CCoveredPowerup@@UAE@XZ	1	0
serialobjectfactory	??1CCursorSnapSprite@@UAE@XZ	1	0
serialobjectfactory	??1CDoNothing@@UAE@XZ	1	0
serialobjectfactory	??1CDoNothingNormal@@UAE@XZ	1	0
serialobjectfactory	??1CDroppedObject@@UAE@XZ	1	0
serialobjectfactory	??1CDroppedObjectShadow@@UAE@XZ	1	0
serialobjectfactory	??1CExitTrigger@@UAE@XZ	1	0
serialobjectfactory	??1CExplosion@@UAE@XZ	1	0
serialobjectfactory	??1CEyeCandy@@UAE@XZ	1	0
serialobjectfactory	??1CEyeCandyAni@@UAE@XZ	1	0
serialobjectfactory	??1CFortressFlag@@UAE@XZ	1	0
serialobjectfactory	??1CFrontCandy@@UAE@XZ	1	0
serialobjectfactory	??1CFrontCandyAni@@UAE@XZ	1	0
serialobjectfactory	??1CGiantRock@@UAE@XZ	1	0
serialobjectfactory	??1CGrunt@@UAE@XZ	1	0
serialobjectfactory	??1CGruntCreationPoint@@UAE@XZ	1	0
serialobjectfactory	??1CGruntHealthSprite@@UAE@XZ	1	0
serialobjectfactory	??1CGruntPowerupSprite@@UAE@XZ	1	0
serialobjectfactory	??1CGruntPuddle@@UAE@XZ	1	0
serialobjectfactory	??1CGruntSelectedSprite@@UAE@XZ	1	0
serialobjectfactory	??1CGruntStaminaSprite@@UAE@XZ	1	0
serialobjectfactory	??1CGruntStartingPoint@@UAE@XZ	1	0
serialobjectfactory	??1CGruntToySprite@@UAE@XZ	1	0
serialobjectfactory	??1CGruntToyTimeSprite@@UAE@XZ	1	0
serialobjectfactory	??1CGruntWingzTimeSprite@@UAE@XZ	1	0
serialobjectfactory	??1CGuardPoint@@UAE@XZ	1	0
serialobjectfactory	??1CInGameIcon@@UAE@XZ	1	0
serialobjectfactory	??1CInGameText@@UAE@XZ	1	0
serialobjectfactory	??1CKitchenSlime@@UAE@XZ	1	0
serialobjectfactory	??1CLevelTime@@UAE@XZ	1	0
serialobjectfactory	??1CLightFx@@UAE@XZ	1	0
serialobjectfactory	??1CMenuSparkle@@UAE@XZ	1	0
serialobjectfactory	??1CObjectDropper@@UAE@XZ	1	0
serialobjectfactory	??1CParticlez@@UAE@XZ	1	0
serialobjectfactory	??1CPathHazard@@UAE@XZ	1	0
serialobjectfactory	??1CProjectile@@UAE@XZ	2	0
serialobjectfactory	??1CRainCloud@@UAE@XZ	1	0
serialobjectfactory	??1CRollingBall@@UAE@XZ	1	0
serialobjectfactory	??1CSecretTeleporterTrigger@@UAE@XZ	1	0
serialobjectfactory	??1CSimpleAnimation@@UAE@XZ	1	0
serialobjectfactory	??1CSingleAnimation@@UAE@XZ	1	0
serialobjectfactory	??1CSingleFrameMessage@@UAE@XZ	1	0
serialobjectfactory	??1CSpotLight@@UAE@XZ	1	0
serialobjectfactory	??1CStaticHazard@@UAE@XZ	1	0
serialobjectfactory	??1CStatusBarSprite@@UAE@XZ	1	0
serialobjectfactory	??1CString@@QAE@XZ	4	3
serialobjectfactory	??1CTeleporter@@UAE@XZ	1	0
serialobjectfactory	??1CTileSecretTrigger@@UAE@XZ	1	0
serialobjectfactory	??1CTileTrigger@@UAE@XZ	1	0
serialobjectfactory	??1CTileTriggerSwitch@@UAE@XZ	1	0
serialobjectfactory	??1CTileTriggerTransition@@UAE@XZ	1	0
serialobjectfactory	??1CTimeBomb@@UAE@XZ	1	0
serialobjectfactory	??1CToobSpikez@@UAE@XZ	1	0
serialobjectfactory	??1CToyPeek@@UAE@XZ	1	0
serialobjectfactory	??1CUFO@@UAE@XZ	1	0
serialobjectfactory	??1CUserBase@@UAE@XZ	81	18
serialobjectfactory	??1CUserLogic@@UAE@XZ	4	2
serialobjectfactory	??1CWapX@@QAE@XZ	5	4
serialobjectfactory	??1CWarlord@@UAE@XZ	1	0
serialobjectfactory	??1CWarpStonePad@@UAE@XZ	1	0
serialobjectfactory	??1CWayPoint@@UAE@XZ	1	0
serialobjectfactory	??1CWormhole@@UAE@XZ	1	0
serialobjectfactory	??1zBitVec@@UAE@XZ	64	1
serialobjectfactory	??3@YAXPAX@Z	135	68
serialobjectfactory	?Chain@CWapX@@QAEHPAVCFileMemBase@@W4SerialMode@@W4LogicTypeId@@PAUCGameObject@@@Z	12	5
serialobjectfactory	?SerializeMove@CUserLogic@@UAEHPAVCFileMemBase@@W4SerialMode@@W4LogicTypeId@@PAUCGameObject@@@Z	12	5
shadetablecache	??3@YAXPAX@Z	33	32
simpleanimation	??0?$zDArray@P8CUserLogic@@AEHXZ@@QAE@HH@Z	1	0
simpleanimation	??1?$zDArray@P8CUserLogic@@AEHXZ@@UAE@XZ	1	0
simpleanimation	??1CUserBase@@UAE@XZ	3	2
simpleanimation	??1CUserLogic@@UAE@XZ	2	1
simpleanimation	??1zBitVec@@UAE@XZ	5	4
simpleanimation	??3@YAXPAX@Z	3	1
singleanimation	??0?$zDArray@P8CUserLogic@@AEHXZ@@QAE@HH@Z	1	0
singleanimation	??1?$zDArray@P8CUserLogic@@AEHXZ@@UAE@XZ	1	0
singleanimation	??1CUserBase@@UAE@XZ	3	2
singleanimation	??1CUserLogic@@UAE@XZ	2	1
singleanimation	??1zBitVec@@UAE@XZ	5	4
singleanimation	??3@YAXPAX@Z	3	1
singleframemessage	??0?$zDArray@P8CUserLogic@@AEHXZ@@QAE@HH@Z	1	0
singleframemessage	??1?$zDArray@P8CUserLogic@@AEHXZ@@UAE@XZ	1	0
singleframemessage	??1CUserBase@@UAE@XZ	3	2
singleframemessage	??1CUserLogic@@UAE@XZ	2	1
singleframemessage	??1zBitVec@@UAE@XZ	5	4
singleframemessage	??3@YAXPAX@Z	3	1
spotlight	??0?$zDArray@P8CUserLogic@@AEHXZ@@QAE@HH@Z	1	0
spotlight	??1?$zDArray@P8CUserLogic@@AEHXZ@@UAE@XZ	1	0
spotlight	??1CUserBase@@UAE@XZ	3	2
spotlight	??1CUserLogic@@UAE@XZ	2	1
spotlight	??1zBitVec@@UAE@XZ	5	4
spotlight	??3@YAXPAX@Z	3	1
statedispatch	??1CUserBase@@UAE@XZ	3	2
statedispatch	??1CUserLogic@@UAE@XZ	1	0
statedispatch	??1zBitVec@@UAE@XZ	5	4
statedispatch	??3@YAXPAX@Z	4	2
statichazard	??0?$zDArray@P8CUserLogic@@AEHXZ@@QAE@HH@Z	1	0
statichazard	??1?$zDArray@P8CUserLogic@@AEHXZ@@UAE@XZ	1	0
statichazard	??1CUserBase@@UAE@XZ	3	2
statichazard	??1CUserLogic@@UAE@XZ	2	1
statichazard	??1zBitVec@@UAE@XZ	5	4
statichazard	??3@YAXPAX@Z	3	1
statusbarspriteacts	??0?$zDArray@P8CUserLogic@@AEHXZ@@QAE@HH@Z	1	0
statusbarspriteacts	??1?$zDArray@P8CUserLogic@@AEHXZ@@UAE@XZ	1	0
statusbarspriteacts	??1CUserBase@@UAE@XZ	3	2
statusbarspriteacts	??1CUserLogic@@UAE@XZ	2	1
statusbarspriteacts	??1zBitVec@@UAE@XZ	5	4
statusbarspriteacts	??3@YAXPAX@Z	4	2
stringstaticpool	??0CString@@QAE@XZ	1	0
stringstaticpool	??1CString@@QAE@XZ	1	0
symtab	??1CSymTab@@QAE@XZ	3	2
symtab	?ApplyRecursive@CSymTab@@QAEHPAVCRezItmBase@@HHH@Z	3	2
symtab	?Load@CRezDirNode@@QAEHH@Z	1	0
symtab	?ParseRecords@CSymParser@@QAEHPAXPAVCSymTab@@PADH@Z	3	2
symtab	?ReleaseParseBuffers@CSymTab@@QAEHH@Z	1	0
symtab	?ResolvePath@CSymTab@@QAEPAXPBD@Z	4	3
terraintileloader	?ConfigureItem@DSoundCloneInst@@QAEHHHHH@Z	0	1
tilelogicpump	??0?$zDArray@P8CUserLogic@@AEHXZ@@QAE@HH@Z	6	0
tilelogicpump	??1?$zDArray@P8CUserLogic@@AEHXZ@@UAE@XZ	6	0
tilelogicpump	??1CUserBase@@UAE@XZ	16	15
tilelogicpump	??1CUserLogic@@UAE@XZ	6	5
tilelogicpump	??1zBitVec@@UAE@XZ	28	27
tilelogicpump	??3@YAXPAX@Z	20	18
tiletriggercontainer	?ValidateByType@CTileTriggerSwitchLogic@@QAEHPAVCFileMemBase@@W4SerialMode@@W4LogicTypeId@@H@Z	8	6
toobspikez	??0?$zDArray@P8CUserLogic@@AEHXZ@@QAE@HH@Z	1	0
toobspikez	??1?$zDArray@P8CUserLogic@@AEHXZ@@UAE@XZ	1	0
toobspikez	??1CUserBase@@UAE@XZ	3	2
toobspikez	??1CUserLogic@@UAE@XZ	2	1
toobspikez	??1zBitVec@@UAE@XZ	5	4
toobspikez	??3@YAXPAX@Z	4	2
triggermgr	?LoadCursorSprites@CPlay@@QAEHHH@Z	19	21
triggermgr	?WrapCoord@CDDrawWorkerHost@@QAEXPAJ0@Z	5	4
triggermgrgrid	?StepArrivalDrop@CGrunt@@QAEHHHHHHH@Z	9	8
typekeycoll	??0CVariantSlot@@QAE@PAD@Z	4	0
typekeycoll	??1zErrHandling@@UAE@XZ	10	8
typekeycoll	??1zPTree@@UAE@XZ	1	0
typekeycoll	??1zPtrColl@@UAE@XZ	3	1
typekeycoll	??3@YAXPAX@Z	10	9
typekeycoll	??_EzPTree@@UAEPAXI@Z	1	0
typekeycoll	?ClearRecursive@zPTree@@QAEXPAUCButeTreeNode@@@Z	3	0
warlord	??0?$zDArray@P8CUserLogic@@AEHXZ@@QAE@HH@Z	1	0
warlord	??1?$zDArray@P8CUserLogic@@AEHXZ@@UAE@XZ	1	0
warlord	??1CString@@QAE@XZ	83	82
warlord	??1CUserBase@@UAE@XZ	3	2
warlord	??1CUserLogic@@UAE@XZ	3	2
warlord	??1zBitVec@@UAE@XZ	5	4
warlord	??3@YAXPAX@Z	3	1
waypoint	??1CUserBase@@UAE@XZ	3	2
waypoint	??1CUserLogic@@UAE@XZ	1	0
waypoint	??1zBitVec@@UAE@XZ	5	4
waypoint	??3@YAXPAX@Z	3	1
worldsoundset	??3@YAXPAX@Z	4	3
wormhole	??0?$zDArray@P8CUserLogic@@AEHXZ@@QAE@HH@Z	3	0
wormhole	??1?$zDArray@P8CUserLogic@@AEHXZ@@UAE@XZ	3	0
wormhole	??1CUserBase@@UAE@XZ	7	6
wormhole	??1CUserLogic@@UAE@XZ	4	3
wormhole	??1zBitVec@@UAE@XZ	13	12
wormhole	??3@YAXPAX@Z	5	3
wormholeacts	??0?$zDArray@P8CUserLogic@@AEHXZ@@QAE@HH@Z	1	0
wormholeacts	??1?$zDArray@P8CUserLogic@@AEHXZ@@UAE@XZ	1	0
wwdfactoryobject	??1AnimWorkerObj@@UAE@XZ	1	0
wwdfactoryobject	??1CResolveNode@@UAE@XZ	7	6
wwdfactoryobject	??3@YAXPAX@Z	9	6
wwdfactoryobject	?AtChecked@CAniElement@@QBEPAVCObject@@H@Z	5	6
wwdfactoryobject	?Clear@CWwdGameObject@@QAEXXZ	2	1
wwdfactoryobject	?Unload@CGameObject@@UAEXXZ	2	1
wwdgameobject	??1CImage@@UAE@XZ	1	0
wwdgameobject	??1CWapObj@@UAE@XZ	2	1
wwdgameobject	??3@YAXPAX@Z	5	3
wwdgameobject	?BltEx@CDDSurface@@QAEHPAXPAV1@0I0@Z	4	5
wwdgameobject	?Unload@CImage@@UAEXXZ	1	0
wwdgameobjectrender	??1CAniAdvanceCursor@@UAE@XZ	2	0
wwdgameobjectrender	??1CGameObject@@UAE@XZ	2	0
wwdgameobjectrender	??1CResolveNode@@UAE@XZ	3	0
wwdgameobjectrender	??1CString@@QAE@XZ	4	0
wwdgameobjectrender	??1CWapObj@@UAE@XZ	3	0
wwdgameobjectrender	??1CWwdGameObjectA@@UAE@XZ	1	0
wwdgameobjectrender	??1WwdDirtyRect@@QAE@XZ	2	0
wwdgameobjectrender	??1WwdRegion@@QAE@XZ	2	0
wwdgameobjectrender	??3@YAXPAX@Z	6	0
wwdgameobjectrender	?BltEx@CDDSurface@@QAEHPAXPAV1@0I0@Z	4	5
wwdgameobjectrender	?Unload@CAniAdvanceCursor@@UAEXXZ	2	0
wwdgrid	??3@YAXPAX@Z	6	5
wwdobjmgr	??1AnimWorkerObj@@UAE@XZ	1	0
wwdobjmgr	??1CAniAdvanceCursor@@UAE@XZ	2	0
wwdobjmgr	??1CGameObject@@UAE@XZ	4	2
wwdobjmgr	??1CObArray@@UAE@XZ	2	0
wwdobjmgr	??1CResolveNode@@UAE@XZ	6	3
wwdobjmgr	??1CString@@QAE@XZ	8	4
wwdobjmgr	??1CWapObj@@UAE@XZ	3	0
wwdobjmgr	??1CWwdGameObject@@UAE@XZ	1	0
wwdobjmgr	??1CWwdGameObjectA@@UAE@XZ	2	1
wwdobjmgr	??1CWwdGameObjectC@@UAE@XZ	1	0
wwdobjmgr	??1CWwdGameObjectF@@UAE@XZ	1	0
wwdobjmgr	??1WwdDirtyRect@@QAE@XZ	5	3
wwdobjmgr	??1WwdRegion@@QAE@XZ	5	3
wwdobjmgr	??3@YAXPAX@Z	10	0
wwdobjmgr	?Unload@CAniAdvanceCursor@@UAEXXZ	2	0
wwdspatialmgr	??3@YAXPAX@Z	2	1
wwdspatialmgr	?RemoveAll@CDDrawChildGroup@@QAEXPAU__POSITION@@PAUCGameObject@@@Z	2	4
