file	line	owner	member	type	offset	bytes	member_alignment	owner_size	owner_alignment	previous	next	reference_sites	removal	disposition	references	history_query	preceding_pack_directives
include/Bute/ButeMgr.h	184	CButeMgr	m_pad0e	char[2]	0xe	2	1	0x110	4	m_bErrorFlag	m_sErrorString	0	layout-identical	removed-automatic-alignment		git log --follow -- include/Bute/ButeMgr.h	none in header
include/Bute/ButeMgr.h	200	CButeMgr	m_pada9	char	0xa9	1	1	0x110	4	m_currentChar	m_token	0	layout-identical	removed-automatic-alignment		git log --follow -- include/Bute/ButeMgr.h	none in header
include/Bute/ButeTextBuf.h	9	CButeTextBuf	m_pad00	char[12]	0x0	12	1	0x64	4		m_accum	0	layout-changes	removed-obsolete-model		git log --follow -- include/Bute/ButeTextBuf.h	none in header
include/Bute/ButeTree.h	28	CVariantSlot	m_reserved10	i32	0x10	4	4	0x18	4	m_typeTag	m_label	1	layout-changes	retained-referenced-storage-needs-semantic-review	src/Bute/TypeKeyColl.cpp:706	git log --follow -- include/Bute/ButeTree.h	none in header
include/Bute/ButeTree.h	42	TypeKeyRec	m_pad0a	char[2]	0xa	2	1	0xc	4	m_value		0	layout-identical	removed-automatic-alignment		git log --follow -- include/Bute/ButeTree.h	none in header
include/Bute/PTreeNode.h	110	zPtrColl	m_pada	char[2]	0xa	2	1	0x10	4	m_flags	m_count	0	layout-identical	removed-automatic-alignment		git log --follow -- include/Bute/PTreeNode.h	none in header
include/DDrawMgr/DDSurface.h	60	PidHeader	m_reserved1c	u32	0x1c	4	4	0x24	4	m_fill	m_pixels	0	layout-changes	retained-unexplained-layout-span		git log --follow -- include/DDrawMgr/DDSurface.h	none in header
include/DDrawMgr/DDSurface.h	244	(anonymous struct at /home/sheep/Projects/gruntz/include/DDrawMgr/DDSurface.h:235:9)	m_descReserved	i32	0x20	4	4	0x6c	4	m_alphaBitDepth	m_lockBits	0	layout-changes	retained-unexplained-layout-span		git log --follow -- include/DDrawMgr/DDSurface.h	none in header
include/DDrawMgr/DDrawDeviceManager.h	174	CDDrawDeviceManager	m_pad300	char[380]	0x300	380	1	0x948	4	m_helCaps	m_surfaces	0	layout-changes	retained-unexplained-layout-span		git log --follow -- include/DDrawMgr/DDrawDeviceManager.h	none in header
include/DDrawMgr/DDrawPaletteRegistry.h	33	CDDrawPaletteRegistry	m_reservedMap2	CMapStringToOb	0x2c	28	4	0x68	4	m_palettesByName	m_reservedMap3	0	layout-changes	retained-unexplained-layout-span		git log --follow -- include/DDrawMgr/DDrawPaletteRegistry.h	none in header
include/DDrawMgr/DDrawPaletteRegistry.h	34	CDDrawPaletteRegistry	m_reservedMap3	CMapStringToOb	0x48	28	4	0x68	4	m_reservedMap2	m_activePalette	0	layout-changes	retained-unexplained-layout-span		git log --follow -- include/DDrawMgr/DDrawPaletteRegistry.h	none in header
include/DDrawMgr/DDrawShadeBlit.h	35	PidWriteHeader	m_reserved1c	i32	0x1c	4	4	0x20	4	m_fill		1	parse-error	retained-referenced-storage-needs-semantic-review	src/DDrawMgr/DDrawShadeBlit.cpp:305	git log --follow -- include/DDrawMgr/DDrawShadeBlit.h	none in header
include/DDrawMgr/DDrawShadeBlit.h	85	CDDrawShadeBlit	m_alignmentPadding	char[2]	0x2a	2	1	0x3c	4	m_dstBpp	m_blendVariant	0	layout-identical	removed-automatic-alignment		git log --follow -- include/DDrawMgr/DDrawShadeBlit.h	none in header
include/DDrawMgr/DDrawSurfaceMgr.h	28	CSnapshotHeader	m_reserved118	char[8]	0x118	8	1	0x120	1	m_objIdCounter		0	layout-changes	retained-unexplained-layout-span		git log --follow -- include/DDrawMgr/DDrawSurfaceMgr.h	19: #pragma pack(push, 1)
include/DDrawMgr/DirectDrawMgr.h	72	CDDPalette	m_reserved	i32	0x8	4	4	0x38	4	m_palette	m_entries	2	parse-error	retained-referenced-storage-needs-semantic-review	include/DDrawMgr/DirectDrawMgr.h:28; src/DDrawMgr/DirPal.cpp:60	git log --follow -- include/DDrawMgr/DirectDrawMgr.h	none in header
include/DDrawMgr/LogicRecord.h	88	CLogicRecord	m_pad3c	char[4]	0x3c	4	1	0x17c	4	m_maxY	m_reserved40	2	layout-changes	retained-referenced-storage-needs-semantic-review	src/DDrawMgr/DDrawSurfacePair.cpp:692; src/DDrawMgr/DDrawSurfacePair.cpp:771	git log --follow -- include/DDrawMgr/LogicRecord.h	none in header
include/DDrawMgr/LogicRecord.h	89	CLogicRecord	m_reserved40	i32	0x40	4	4	0x17c	4	m_pad3c	m_tweakX	2	layout-changes	retained-referenced-storage-needs-semantic-review	src/DDrawMgr/DDrawSurfacePair.cpp:693; src/DDrawMgr/DDrawSurfacePair.cpp:772	git log --follow -- include/DDrawMgr/LogicRecord.h	none in header
include/DDrawMgr/LogicRecord.h	94	CLogicRecord	m_pad54	char[4]	0x54	4	1	0x17c	4	m_scrollTargetY	m_reserved58	2	layout-changes	retained-referenced-storage-needs-semantic-review	src/DDrawMgr/DDrawSurfacePair.cpp:698; src/DDrawMgr/DDrawSurfacePair.cpp:777	git log --follow -- include/DDrawMgr/LogicRecord.h	none in header
include/DDrawMgr/LogicRecord.h	95	CLogicRecord	m_reserved58	i32	0x58	4	4	0x17c	4	m_pad54	m_reserved5c	2	layout-changes	retained-referenced-storage-needs-semantic-review	src/DDrawMgr/DDrawSurfacePair.cpp:699; src/DDrawMgr/DDrawSurfacePair.cpp:778	git log --follow -- include/DDrawMgr/LogicRecord.h	none in header
include/DDrawMgr/LogicRecord.h	96	CLogicRecord	m_reserved5c	i32	0x5c	4	4	0x17c	4	m_reserved58	m_reserved60	2	layout-changes	retained-referenced-storage-needs-semantic-review	src/DDrawMgr/DDrawSurfacePair.cpp:700; src/DDrawMgr/DDrawSurfacePair.cpp:779	git log --follow -- include/DDrawMgr/LogicRecord.h	none in header
include/DDrawMgr/LogicRecord.h	97	CLogicRecord	m_reserved60	i32	0x60	4	4	0x17c	4	m_reserved5c	m_user1	2	layout-changes	retained-referenced-storage-needs-semantic-review	src/DDrawMgr/DDrawSurfacePair.cpp:701; src/DDrawMgr/DDrawSurfacePair.cpp:780	git log --follow -- include/DDrawMgr/LogicRecord.h	none in header
include/DDrawMgr/LogicRecord.h	106	CLogicRecord	m_reserved84	i32	0x84	4	4	0x17c	4	m_user8	m_reserved88	2	layout-changes	retained-referenced-storage-needs-semantic-review	src/DDrawMgr/DDrawSurfacePair.cpp:710; src/DDrawMgr/DDrawSurfacePair.cpp:789	git log --follow -- include/DDrawMgr/LogicRecord.h	none in header
include/DDrawMgr/LogicRecord.h	107	CLogicRecord	m_reserved88	i32	0x88	4	4	0x17c	4	m_reserved84	m_reserved8c	2	layout-changes	retained-referenced-storage-needs-semantic-review	src/DDrawMgr/DDrawSurfacePair.cpp:711; src/DDrawMgr/DDrawSurfacePair.cpp:790	git log --follow -- include/DDrawMgr/LogicRecord.h	none in header
include/DDrawMgr/LogicRecord.h	108	CLogicRecord	m_reserved8c	i32	0x8c	4	4	0x17c	4	m_reserved88	m_reserved90	2	layout-changes	retained-referenced-storage-needs-semantic-review	src/DDrawMgr/DDrawSurfacePair.cpp:712; src/DDrawMgr/DDrawSurfacePair.cpp:791	git log --follow -- include/DDrawMgr/LogicRecord.h	none in header
include/DDrawMgr/LogicRecord.h	109	CLogicRecord	m_reserved90	i32	0x90	4	4	0x17c	4	m_reserved8c	m_reserved94	2	layout-changes	retained-referenced-storage-needs-semantic-review	src/DDrawMgr/DDrawSurfacePair.cpp:713; src/DDrawMgr/DDrawSurfacePair.cpp:792	git log --follow -- include/DDrawMgr/LogicRecord.h	none in header
include/DDrawMgr/LogicRecord.h	110	CLogicRecord	m_reserved94	i32	0x94	4	4	0x17c	4	m_reserved90	m_reserved98	2	layout-changes	retained-referenced-storage-needs-semantic-review	src/DDrawMgr/DDrawSurfacePair.cpp:714; src/DDrawMgr/DDrawSurfacePair.cpp:793	git log --follow -- include/DDrawMgr/LogicRecord.h	none in header
include/DDrawMgr/LogicRecord.h	111	CLogicRecord	m_reserved98	i32	0x98	4	4	0x17c	4	m_reserved94	m_reserved9c	2	layout-changes	retained-referenced-storage-needs-semantic-review	src/DDrawMgr/DDrawSurfacePair.cpp:715; src/DDrawMgr/DDrawSurfacePair.cpp:794	git log --follow -- include/DDrawMgr/LogicRecord.h	none in header
include/DDrawMgr/LogicRecord.h	112	CLogicRecord	m_reserved9c	i32	0x9c	4	4	0x17c	4	m_reserved98	m_reserveda0	2	layout-changes	retained-referenced-storage-needs-semantic-review	src/DDrawMgr/DDrawSurfacePair.cpp:716; src/DDrawMgr/DDrawSurfacePair.cpp:795	git log --follow -- include/DDrawMgr/LogicRecord.h	none in header
include/DDrawMgr/LogicRecord.h	113	CLogicRecord	m_reserveda0	i32	0xa0	4	4	0x17c	4	m_reserved9c	m_reserveda4	2	layout-changes	retained-referenced-storage-needs-semantic-review	src/DDrawMgr/DDrawSurfacePair.cpp:717; src/DDrawMgr/DDrawSurfacePair.cpp:796	git log --follow -- include/DDrawMgr/LogicRecord.h	none in header
include/DDrawMgr/LogicRecord.h	114	CLogicRecord	m_reserveda4	i32	0xa4	4	4	0x17c	4	m_reserveda0	m_reserveda8	2	layout-changes	retained-referenced-storage-needs-semantic-review	src/DDrawMgr/DDrawSurfacePair.cpp:718; src/DDrawMgr/DDrawSurfacePair.cpp:797	git log --follow -- include/DDrawMgr/LogicRecord.h	none in header
include/DDrawMgr/LogicRecord.h	115	CLogicRecord	m_reserveda8	i32	0xa8	4	4	0x17c	4	m_reserveda4	m_reservedac	2	layout-changes	retained-referenced-storage-needs-semantic-review	src/DDrawMgr/DDrawSurfacePair.cpp:719; src/DDrawMgr/DDrawSurfacePair.cpp:798	git log --follow -- include/DDrawMgr/LogicRecord.h	none in header
include/DDrawMgr/LogicRecord.h	116	CLogicRecord	m_reservedac	i32	0xac	4	4	0x17c	4	m_reserveda8	m_reservedb0	2	layout-changes	retained-referenced-storage-needs-semantic-review	src/DDrawMgr/DDrawSurfacePair.cpp:720; src/DDrawMgr/DDrawSurfacePair.cpp:799	git log --follow -- include/DDrawMgr/LogicRecord.h	none in header
include/DDrawMgr/LogicRecord.h	117	CLogicRecord	m_reservedb0	i32	0xb0	4	4	0x17c	4	m_reservedac	m_reservedb4	2	layout-changes	retained-referenced-storage-needs-semantic-review	src/DDrawMgr/DDrawSurfacePair.cpp:721; src/DDrawMgr/DDrawSurfacePair.cpp:800	git log --follow -- include/DDrawMgr/LogicRecord.h	none in header
include/DDrawMgr/LogicRecord.h	118	CLogicRecord	m_reservedb4	i32	0xb4	4	4	0x17c	4	m_reservedb0	m_counter	2	layout-changes	retained-referenced-storage-needs-semantic-review	src/DDrawMgr/DDrawSurfacePair.cpp:722; src/DDrawMgr/DDrawSurfacePair.cpp:801	git log --follow -- include/DDrawMgr/LogicRecord.h	none in header
include/DDrawMgr/LogicRecord.h	122	CLogicRecord	m_padc0	char[4]	0xc0	4	1	0x17c	4	m_speed	m_reservedc4	2	layout-changes	retained-referenced-storage-needs-semantic-review	src/DDrawMgr/DDrawSurfacePair.cpp:725; src/DDrawMgr/DDrawSurfacePair.cpp:804	git log --follow -- include/DDrawMgr/LogicRecord.h	none in header
include/DDrawMgr/LogicRecord.h	123	CLogicRecord	m_reservedc4	i32	0xc4	4	4	0x17c	4	m_padc0	m_width	2	layout-changes	retained-referenced-storage-needs-semantic-review	src/DDrawMgr/DDrawSurfacePair.cpp:726; src/DDrawMgr/DDrawSurfacePair.cpp:805	git log --follow -- include/DDrawMgr/LogicRecord.h	none in header
include/DDrawMgr/LogicRecord.h	126	CLogicRecord	m_reservedd0	RECT	0xd0	16	4	0x17c	4	m_height	m_reservede0	2	layout-changes	retained-referenced-storage-needs-semantic-review	src/DDrawMgr/DDrawSurfacePair.cpp:729; src/DDrawMgr/DDrawSurfacePair.cpp:808	git log --follow -- include/DDrawMgr/LogicRecord.h	none in header
include/DDrawMgr/LogicRecord.h	127	CLogicRecord	m_reservede0	RECT	0xe0	16	4	0x17c	4	m_reservedd0	m_userRect1	2	layout-changes	retained-referenced-storage-needs-semantic-review	src/DDrawMgr/DDrawSurfacePair.cpp:730; src/DDrawMgr/DDrawSurfacePair.cpp:809	git log --follow -- include/DDrawMgr/LogicRecord.h	none in header
include/DDrawMgr/LogicRecord.h	131	CLogicRecord	m_pad110	char[16]	0x110	16	1	0x17c	4	m_userRect2	m_reserved120	2	layout-changes	retained-referenced-storage-needs-semantic-review	src/DDrawMgr/DDrawSurfacePair.cpp:733; src/DDrawMgr/DDrawSurfacePair.cpp:812	git log --follow -- include/DDrawMgr/LogicRecord.h	none in header
include/DDrawMgr/LogicRecord.h	132	CLogicRecord	m_reserved120	RECT	0x120	16	4	0x17c	4	m_pad110	m_sparkleDelay	2	layout-changes	retained-referenced-storage-needs-semantic-review	src/DDrawMgr/DDrawSurfacePair.cpp:734; src/DDrawMgr/DDrawSurfacePair.cpp:813	git log --follow -- include/DDrawMgr/LogicRecord.h	none in header
include/DDrawMgr/LogicRecord.h	134	CLogicRecord	m_pad134	char[4]	0x134	4	1	0x17c	4	m_sparkleDelay	m_reserved138	2	layout-changes	retained-referenced-storage-needs-semantic-review	src/DDrawMgr/DDrawSurfacePair.cpp:736; src/DDrawMgr/DDrawSurfacePair.cpp:815	git log --follow -- include/DDrawMgr/LogicRecord.h	none in header
include/DDrawMgr/LogicRecord.h	135	CLogicRecord	m_reserved138	i32	0x138	4	4	0x17c	4	m_pad134	m_reserved13c	2	layout-changes	retained-referenced-storage-needs-semantic-review	src/DDrawMgr/DDrawSurfacePair.cpp:737; src/DDrawMgr/DDrawSurfacePair.cpp:816	git log --follow -- include/DDrawMgr/LogicRecord.h	none in header
include/DDrawMgr/LogicRecord.h	136	CLogicRecord	m_reserved13c	i32	0x13c	4	4	0x17c	4	m_reserved138	m_reserved140	2	layout-changes	retained-referenced-storage-needs-semantic-review	src/DDrawMgr/DDrawSurfacePair.cpp:738; src/DDrawMgr/DDrawSurfacePair.cpp:817	git log --follow -- include/DDrawMgr/LogicRecord.h	none in header
include/DDrawMgr/LogicRecord.h	137	CLogicRecord	m_reserved140	i32	0x140	4	4	0x17c	4	m_reserved13c	m_reserved144	2	layout-changes	retained-referenced-storage-needs-semantic-review	src/DDrawMgr/DDrawSurfacePair.cpp:739; src/DDrawMgr/DDrawSurfacePair.cpp:818	git log --follow -- include/DDrawMgr/LogicRecord.h	none in header
include/DDrawMgr/LogicRecord.h	138	CLogicRecord	m_reserved144	i32	0x144	4	4	0x17c	4	m_reserved140	m_reserved148	2	layout-changes	retained-referenced-storage-needs-semantic-review	src/DDrawMgr/DDrawSurfacePair.cpp:740; src/DDrawMgr/DDrawSurfacePair.cpp:819	git log --follow -- include/DDrawMgr/LogicRecord.h	none in header
include/DDrawMgr/LogicRecord.h	139	CLogicRecord	m_reserved148	i32	0x148	4	4	0x17c	4	m_reserved144	m_reserved14c	2	layout-changes	retained-referenced-storage-needs-semantic-review	src/DDrawMgr/DDrawSurfacePair.cpp:741; src/DDrawMgr/DDrawSurfacePair.cpp:820	git log --follow -- include/DDrawMgr/LogicRecord.h	none in header
include/DDrawMgr/LogicRecord.h	140	CLogicRecord	m_reserved14c	i32	0x14c	4	4	0x17c	4	m_reserved148	m_reserved150	2	layout-changes	retained-referenced-storage-needs-semantic-review	src/DDrawMgr/DDrawSurfacePair.cpp:742; src/DDrawMgr/DDrawSurfacePair.cpp:821	git log --follow -- include/DDrawMgr/LogicRecord.h	none in header
include/DDrawMgr/LogicRecord.h	141	CLogicRecord	m_reserved150	i32	0x150	4	4	0x17c	4	m_reserved14c	m_reserved154	2	layout-changes	retained-referenced-storage-needs-semantic-review	src/DDrawMgr/DDrawSurfacePair.cpp:743; src/DDrawMgr/DDrawSurfacePair.cpp:822	git log --follow -- include/DDrawMgr/LogicRecord.h	none in header
include/DDrawMgr/LogicRecord.h	142	CLogicRecord	m_reserved154	i32	0x154	4	4	0x17c	4	m_reserved150	m_reserved158	2	layout-changes	retained-referenced-storage-needs-semantic-review	src/DDrawMgr/DDrawSurfacePair.cpp:744; src/DDrawMgr/DDrawSurfacePair.cpp:823	git log --follow -- include/DDrawMgr/LogicRecord.h	none in header
include/DDrawMgr/LogicRecord.h	143	CLogicRecord	m_reserved158	i32	0x158	4	4	0x17c	4	m_reserved154	m_reserved15c	2	layout-changes	retained-referenced-storage-needs-semantic-review	src/DDrawMgr/DDrawSurfacePair.cpp:745; src/DDrawMgr/DDrawSurfacePair.cpp:824	git log --follow -- include/DDrawMgr/LogicRecord.h	none in header
include/DDrawMgr/LogicRecord.h	144	CLogicRecord	m_reserved15c	i32	0x15c	4	4	0x17c	4	m_reserved158	m_reserved160	2	layout-changes	retained-referenced-storage-needs-semantic-review	src/DDrawMgr/DDrawSurfacePair.cpp:746; src/DDrawMgr/DDrawSurfacePair.cpp:825	git log --follow -- include/DDrawMgr/LogicRecord.h	none in header
include/DDrawMgr/LogicRecord.h	145	CLogicRecord	m_reserved160	i32	0x160	4	4	0x17c	4	m_reserved15c	m_reserved164	2	layout-changes	retained-referenced-storage-needs-semantic-review	src/DDrawMgr/DDrawSurfacePair.cpp:747; src/DDrawMgr/DDrawSurfacePair.cpp:826	git log --follow -- include/DDrawMgr/LogicRecord.h	none in header
include/DDrawMgr/LogicRecord.h	146	CLogicRecord	m_reserved164	i32	0x164	4	4	0x17c	4	m_reserved160	m_positionedSound	2	layout-changes	retained-referenced-storage-needs-semantic-review	src/DDrawMgr/DDrawSurfacePair.cpp:748; src/DDrawMgr/DDrawSurfacePair.cpp:827	git log --follow -- include/DDrawMgr/LogicRecord.h	none in header
include/DDrawMgr/LogicRecord.h	148	CLogicRecord	m_reserved16c	i32	0x16c	4	4	0x17c	4	m_positionedSound	m_target	1	layout-changes	retained-referenced-storage-needs-semantic-review	src/Wwd/WwdGameObject.cpp:840	git log --follow -- include/DDrawMgr/LogicRecord.h	none in header
include/DinMgr2/DirectInputMgr2.h	139	DIJoyState2Z	m_pad08	char[40]	0x8	40	1	0x110	4	m_lY	m_rgbButtons	0	layout-changes	retained-unexplained-layout-span		git log --follow -- include/DinMgr2/DirectInputMgr2.h	none in header
include/DinMgr2/DirectInputMgr2.h	141	DIJoyState2Z	m_pad3a	char[214]	0x3a	214	1	0x110	4	m_rgbButtons		0	layout-changes	retained-unexplained-layout-span		git log --follow -- include/DinMgr2/DirectInputMgr2.h	none in header
include/DinMgr2/DirectInputMgr2.h	180	CInputDevRoot	m_padc	char[16]	0xc	16	1	0x2b4	4	m_device2	m_deviceInfo	0	layout-changes	retained-unexplained-layout-span		git log --follow -- include/DinMgr2/DirectInputMgr2.h	none in header
include/DinMgr2/DirectInputMgr2.h	252	CMouseDevice	m_pad2b8	char[16]	0x2b8	16	1	0x2c8	4	m_createFlags		0	layout-changes	retained-unexplained-layout-span		git log --follow -- include/DinMgr2/DirectInputMgr2.h	none in header
include/Dsndmgr/SoundDevice.h	56	SoundDevice	m_reserved	char[96]	0x18	96	1	0x94	4	m_device	m_initialized	0	layout-changes	retained-unexplained-layout-span		git log --follow -- include/Dsndmgr/SoundDevice.h	none in header
include/Gruntz/AniElement.h	15	CAniSource	m_pad00	char[8]	0x0	8	1	0x24	4		m_flags	0	layout-changes	retained-unexplained-layout-span		git log --follow -- include/Gruntz/AniElement.h	none in header
include/Gruntz/AniElement.h	20	CAniSource	m_pad14	char[12]	0x14	12	1	0x24	4	m_namelen	m_data	0	layout-changes	retained-unexplained-layout-span		git log --follow -- include/Gruntz/AniElement.h	none in header
include/Gruntz/AniRecordView.h	59	CAniRecordView	m_pad06	u16	0x6	2	2	0x34	4	m_flags	m_stepMode	0	layout-identical	removed-automatic-alignment		git log --follow -- include/Gruntz/AniRecordView.h	none in header
include/Gruntz/AniRecordView.h	68	CAniRecordView	m_reserved28	u16	0x28	2	2	0x34	4	m_positionDeltaY	m_pad2a	1	parse-error	retained-referenced-storage-needs-semantic-review	src/DDrawMgr/AniRecord.cpp:41	git log --follow -- include/Gruntz/AniRecordView.h	none in header
include/Gruntz/AniRecordView.h	69	CAniRecordView	m_pad2a	u16	0x2a	2	2	0x34	4	m_reserved28	m_cueCount	0	layout-identical	removed-automatic-alignment		git log --follow -- include/Gruntz/AniRecordView.h	none in header
include/Gruntz/BattlezMapConfig.h	107	CBattlezMapConfig	m_reserved01c	i32	0x1c	4	4	0x1e8	4	m_playerIndex	m_reserved020	3	layout-changes	retained-referenced-storage-needs-semantic-review	src/Gruntz/BattlezMapConfig.cpp:115; src/Gruntz/BattlezMapConfig.cpp:2292; src/Gruntz/BattlezMapConfig.cpp:2382	git log --follow -- include/Gruntz/BattlezMapConfig.h	none in header
include/Gruntz/BattlezMapConfig.h	108	CBattlezMapConfig	m_reserved020	i32	0x20	4	4	0x1e8	4	m_reserved01c	m_reserved024	3	layout-changes	retained-referenced-storage-needs-semantic-review	src/Gruntz/BattlezMapConfig.cpp:116; src/Gruntz/BattlezMapConfig.cpp:2293; src/Gruntz/BattlezMapConfig.cpp:2383	git log --follow -- include/Gruntz/BattlezMapConfig.h	none in header
include/Gruntz/BattlezMapConfig.h	109	CBattlezMapConfig	m_reserved024	i32	0x24	4	4	0x1e8	4	m_reserved020	m_reserved028	3	layout-changes	retained-referenced-storage-needs-semantic-review	src/Gruntz/BattlezMapConfig.cpp:117; src/Gruntz/BattlezMapConfig.cpp:2294; src/Gruntz/BattlezMapConfig.cpp:2384	git log --follow -- include/Gruntz/BattlezMapConfig.h	none in header
include/Gruntz/BattlezMapConfig.h	110	CBattlezMapConfig	m_reserved028	i32	0x28	4	4	0x1e8	4	m_reserved024	m_reserved02c	3	layout-changes	retained-referenced-storage-needs-semantic-review	src/Gruntz/BattlezMapConfig.cpp:118; src/Gruntz/BattlezMapConfig.cpp:2295; src/Gruntz/BattlezMapConfig.cpp:2385	git log --follow -- include/Gruntz/BattlezMapConfig.h	none in header
include/Gruntz/BattlezMapConfig.h	111	CBattlezMapConfig	m_reserved02c	i32	0x2c	4	4	0x1e8	4	m_reserved028	m_defenderChance	3	layout-changes	retained-referenced-storage-needs-semantic-review	src/Gruntz/BattlezMapConfig.cpp:121; src/Gruntz/BattlezMapConfig.cpp:2296; src/Gruntz/BattlezMapConfig.cpp:2386	git log --follow -- include/Gruntz/BattlezMapConfig.h	none in header
include/Gruntz/BattlezMapConfig.h	113	CBattlezMapConfig	m_reserved034	i32	0x34	4	4	0x1e8	4	m_defenderChance	m_reserved038	2	layout-changes	retained-referenced-storage-needs-semantic-review	src/Gruntz/BattlezMapConfig.cpp:2298; src/Gruntz/BattlezMapConfig.cpp:2388	git log --follow -- include/Gruntz/BattlezMapConfig.h	none in header
include/Gruntz/BattlezMapConfig.h	114	CBattlezMapConfig	m_reserved038	i32	0x38	4	4	0x1e8	4	m_reserved034	m_reserved03c	2	layout-changes	retained-referenced-storage-needs-semantic-review	src/Gruntz/BattlezMapConfig.cpp:2299; src/Gruntz/BattlezMapConfig.cpp:2389	git log --follow -- include/Gruntz/BattlezMapConfig.h	none in header
include/Gruntz/BattlezMapConfig.h	115	CBattlezMapConfig	m_reserved03c	i32	0x3c	4	4	0x1e8	4	m_reserved038	m_reserved040	2	layout-changes	retained-referenced-storage-needs-semantic-review	src/Gruntz/BattlezMapConfig.cpp:2300; src/Gruntz/BattlezMapConfig.cpp:2390	git log --follow -- include/Gruntz/BattlezMapConfig.h	none in header
include/Gruntz/BattlezMapConfig.h	116	CBattlezMapConfig	m_reserved040	i32	0x40	4	4	0x1e8	4	m_reserved03c	m_reserved044	2	layout-changes	retained-referenced-storage-needs-semantic-review	src/Gruntz/BattlezMapConfig.cpp:2301; src/Gruntz/BattlezMapConfig.cpp:2391	git log --follow -- include/Gruntz/BattlezMapConfig.h	none in header
include/Gruntz/BattlezMapConfig.h	117	CBattlezMapConfig	m_reserved044	i32	0x44	4	4	0x1e8	4	m_reserved040	m_gruntCreationTime	2	layout-changes	retained-referenced-storage-needs-semantic-review	src/Gruntz/BattlezMapConfig.cpp:2302; src/Gruntz/BattlezMapConfig.cpp:2392	git log --follow -- include/Gruntz/BattlezMapConfig.h	none in header
include/Gruntz/BattlezMapConfig.h	144	CBattlezMapConfig	m_reserved088	i32	0x88	4	4	0x1e8	4	CBattlezMapConfig::(anonymous union at /home/sheep/Projects/gruntz/include/Gruntz/BattlezMapConfig.h:131:5)	m_defenderSearchRadiusX	3	layout-changes	retained-referenced-storage-needs-semantic-review	src/Gruntz/BattlezMapConfig.cpp:129; src/Gruntz/BattlezMapConfig.cpp:2315; src/Gruntz/BattlezMapConfig.cpp:2405	git log --follow -- include/Gruntz/BattlezMapConfig.h	none in header
include/Gruntz/BattlezMapConfig.h	149	CBattlezMapConfig	m_reserved09c	i32	0x9c	4	4	0x1e8	4	m_idleRouteLimitY	m_idleAttackWaypointDelay	3	layout-changes	retained-referenced-storage-needs-semantic-review	src/Gruntz/BattlezMapConfig.cpp:141; src/Gruntz/BattlezMapConfig.cpp:2320; src/Gruntz/BattlezMapConfig.cpp:2410	git log --follow -- include/Gruntz/BattlezMapConfig.h	none in header
include/Gruntz/BattlezMapConfig.h	152	CBattlezMapConfig	m_reserved0a8	i32	0xa8	4	4	0x1e8	4	m_defenderTargetMaxDistance	m_idleBurnRandX	3	layout-changes	retained-referenced-storage-needs-semantic-review	src/Gruntz/BattlezMapConfig.cpp:130; src/Gruntz/BattlezMapConfig.cpp:2323; src/Gruntz/BattlezMapConfig.cpp:2413	git log --follow -- include/Gruntz/BattlezMapConfig.h	none in header
include/Gruntz/BattlezMapConfig.h	163	CBattlezMapConfig	m_reserved0d8	i32	0xd8	4	4	0x1e8	4	m_marker	m_candArray	2	layout-changes	retained-referenced-storage-needs-semantic-review	src/Gruntz/BattlezMapConfig.cpp:2334; src/Gruntz/BattlezMapConfig.cpp:2424	git log --follow -- include/Gruntz/BattlezMapConfig.h	none in header
include/Gruntz/BattlezMapConfig.h	171	CBattlezMapConfig	m_reserved104	CDWordArray	0x104	20	4	0x1e8	4	m_attackWaypoints	m_reserved118	6	layout-changes	retained-referenced-storage-needs-semantic-review	src/Gruntz/BattlezMapConfig.cpp:2342; src/Gruntz/BattlezMapConfig.cpp:2345; src/Gruntz/BattlezMapConfig.cpp:2437; src/Gruntz/BattlezMapConfig.cpp:2438; src/Gruntz/BattlezMapConfig.cpp:2441; src/Gruntz/BattlezMapConfig.cpp:357	git log --follow -- include/Gruntz/BattlezMapConfig.h	none in header
include/Gruntz/BattlezMapConfig.h	172	CBattlezMapConfig	m_reserved118	CDWordArray	0x118	20	4	0x1e8	4	m_reserved104	m_reserved12c	6	layout-changes	retained-referenced-storage-needs-semantic-review	src/Gruntz/BattlezMapConfig.cpp:2349; src/Gruntz/BattlezMapConfig.cpp:2352; src/Gruntz/BattlezMapConfig.cpp:2445; src/Gruntz/BattlezMapConfig.cpp:2446; src/Gruntz/BattlezMapConfig.cpp:2449; src/Gruntz/BattlezMapConfig.cpp:358	git log --follow -- include/Gruntz/BattlezMapConfig.h	none in header
include/Gruntz/BattlezMapConfig.h	174	CBattlezMapConfig	m_reserved12c	i32[4]	0x12c	16	4	0x1e8	4	m_reserved118	m_reserved13c	2	layout-changes	retained-referenced-storage-needs-semantic-review	src/Gruntz/BattlezMapConfig.cpp:2357; src/Gruntz/BattlezMapConfig.cpp:2453	git log --follow -- include/Gruntz/BattlezMapConfig.h	none in header
include/Gruntz/BattlezMapConfig.h	175	CBattlezMapConfig	m_reserved13c	i32	0x13c	4	4	0x1e8	4	m_reserved12c	m_roundRobinTick	4	layout-changes	retained-referenced-storage-needs-semantic-review	src/Gruntz/BattlezMapConfig.cpp:139; src/Gruntz/BattlezMapConfig.cpp:2335; src/Gruntz/BattlezMapConfig.cpp:2425; src/Gruntz/BattlezMapConfig.cpp:359	git log --follow -- include/Gruntz/BattlezMapConfig.h	none in header
include/Gruntz/BattlezMapConfig.h	177	CBattlezMapConfig	m_reserved144	i32	0x144	4	4	0x1e8	4	m_roundRobinTick	m_claimTimer	3	layout-changes	retained-referenced-storage-needs-semantic-review	src/Gruntz/BattlezMapConfig.cpp:2337; src/Gruntz/BattlezMapConfig.cpp:2427; src/Gruntz/BattlezMapConfig.cpp:266	git log --follow -- include/Gruntz/BattlezMapConfig.h	none in header
include/Gruntz/BattlezMapConfig.h	179	CBattlezMapConfig	m_reserved14c	i32	0x14c	4	4	0x1e8	4	m_claimTimer	m_toolzPct	3	layout-changes	retained-referenced-storage-needs-semantic-review	src/Gruntz/BattlezMapConfig.cpp:2339; src/Gruntz/BattlezMapConfig.cpp:2429; src/Gruntz/BattlezMapConfig.cpp:263	git log --follow -- include/Gruntz/BattlezMapConfig.h	none in header
include/Gruntz/Demo.h	23	CDemo	m_reserved524	i32	0x524	4	4	0x528	4	m_demoCountdown		0	layout-changes	retained-unexplained-layout-span		git log --follow -- include/Gruntz/Demo.h	none in header
include/Gruntz/DemoHelpers.h	16	CDemoSetup	m_pad0	char[12]	0x0	12	1	0x10	4		m_world	0	layout-changes	retained-unexplained-layout-span		git log --follow -- include/Gruntz/DemoHelpers.h	none in header
include/Gruntz/Dialogs.h	76	CBattlezDlg	m_pad60	char[8]	0x60	8	1	0x70	4	m_gameManager	m_customNameFlag	0	layout-changes	retained-unexplained-layout-span		git log --follow -- include/Gruntz/Dialogs.h	none in header
include/Gruntz/Dialogs.h	274	CMultiStartDlg	m_pad64	char[8]	0x64	8	1	0x90	4	m_latencyOptions	m_customMapSelection	0	layout-changes	retained-unexplained-layout-span		git log --follow -- include/Gruntz/Dialogs.h	none in header
include/Gruntz/Dialogs.h	277	CMultiStartDlg	m_reserved74	CStringList	0x74	28	4	0x90	4	m_worldName		0	layout-changes	retained-unexplained-layout-span		git log --follow -- include/Gruntz/Dialogs.h	none in header
include/Gruntz/DirectionClassify.h	14	MotionEntity	m_pad00	char[120]	0x0	120	1	0x148	8		m_positionX	0	layout-changes	retained-unexplained-layout-span		git log --follow -- include/Gruntz/DirectionClassify.h	none in header
include/Gruntz/DirectionClassify.h	17	MotionEntity	m_pad88	char[184]	0x88	184	1	0x148	8	m_positionY	m_gridX	0	layout-changes	retained-unexplained-layout-span		git log --follow -- include/Gruntz/DirectionClassify.h	none in header
include/Gruntz/DroppedObject.h	31	CDroppedObject	m_pad54	char[4]	0x54	4	1	0x70	8		m_timePerTile	0	layout-identical	removed-automatic-alignment		git log --follow -- include/Gruntz/DroppedObject.h	none in header
include/Gruntz/FaderSubtypes.h	187	CFaderShape	m_pad78	char[1024]	0x78	1024	1	0x494	4	m_warpHeight	m_warpTable	0	layout-changes	retained-unexplained-layout-span		git log --follow -- include/Gruntz/FaderSubtypes.h	none in header
include/Gruntz/FixedPtrArray32.h	16	CFixedPtrArray32	m_reserved00	i32	0x0	4	4	0x88	4		m_count	2	parse-error	retained-referenced-storage-needs-semantic-review	include/DinMgr2/DirectInputMgr2.h:70; src/DinMgr2/DinMgr2.cpp:997	git log --follow -- include/Gruntz/FixedPtrArray32.h	none in header
include/Gruntz/FontConfig.h	67	CFontConfig	m_reserved34	i32	0x34	4	4	0x44	4	m_inputActive	m_arialFont	2	parse-error	retained-referenced-storage-needs-semantic-review	include/Gruntz/FontConfig.h:23; src/Gruntz/ChatBoxOwner.cpp:62	git log --follow -- include/Gruntz/FontConfig.h	none in header
include/Gruntz/GameInfo.h	10	CGameInfoTime	m_reserved00	i32	0x0	4	4	0x1c	4		m_score	0	layout-changes	retained-unexplained-layout-span		git log --follow -- include/Gruntz/GameInfo.h	none in header
include/Gruntz/GameInfo.h	17	CGameInfoTime	m_reserved	i32	0x18	4	4	0x1c	4	m_year		0	layout-changes	retained-unexplained-layout-span		git log --follow -- include/Gruntz/GameInfo.h	none in header
include/Gruntz/GameInfo.h	23	CGameInfoBody	m_pad08	char[8]	0x8	8	1	0xd4	4	m_version	m_name	0	layout-changes	retained-unexplained-layout-span		git log --follow -- include/Gruntz/GameInfo.h	none in header
include/Gruntz/GameInfo.h	40	CGameInfo	m_reserved00	char[4]	0x0	4	1	0xd8	4		m_body	0	layout-changes	retained-unexplained-layout-span		git log --follow -- include/Gruntz/GameInfo.h	none in header
include/Gruntz/GameMode.h	130	CCreditsState	m_reserved20c	i32	0x20c	4	4	0x218	8	m_videoPlaying	m_videoHandle	2	parse-error	retained-referenced-storage-needs-semantic-review	include/Gruntz/GameMode.h:85; src/Gruntz/CreditsState.cpp:115	git log --follow -- include/Gruntz/GameMode.h	none in header
include/Gruntz/GameMode.h	133	CCreditsState	m_pad214	char[4]	0x214	4	1	0x218	8	m_videoHandle		0	layout-identical	removed-automatic-alignment		git log --follow -- include/Gruntz/GameMode.h	none in header
include/Gruntz/GameMode.h	257	CBootyState	m_pad31c	char[4]	0x31c	4	1	0x320	8	m_icons		0	layout-identical	removed-automatic-alignment		git log --follow -- include/Gruntz/GameMode.h	none in header
include/Gruntz/GameMode.h	301	CMultiBootyState	m_reserved1b4	i32	0x1b4	4	4	0x244	4		m_sequenceState	2	parse-error	retained-referenced-storage-needs-semantic-review	include/Gruntz/GameMode.h:263; src/Gruntz/BootyStateActivate.cpp:1958	git log --follow -- include/Gruntz/GameMode.h	none in header
include/Gruntz/Grunt.h	299	CGrunt	m_reserved18c	i32	0x18c	4	4	0x8d8	8	m_commitPx	m_toyBlendPct	3	layout-changes	retained-referenced-storage-needs-semantic-review	src/Gruntz/GameStateRecordLoad.cpp:112; src/Gruntz/Grunt.cpp:485; src/Gruntz/GruntSteps.cpp:1501	git log --follow -- include/Gruntz/Grunt.h	none in header
include/Gruntz/Grunt.h	306	CGrunt	m_reserved1a8	i32	0x1a8	4	4	0x8d8	8	m_helpCueId	m_reserved1ac	2	layout-changes	retained-referenced-storage-needs-semantic-review	src/Gruntz/GameStateRecordLoad.cpp:120; src/Gruntz/GruntSteps.cpp:1509	git log --follow -- include/Gruntz/Grunt.h	none in header
include/Gruntz/Grunt.h	307	CGrunt	m_reserved1ac	i32	0x1ac	4	4	0x8d8	8	m_reserved1a8	m_reserved1b0	2	layout-changes	retained-referenced-storage-needs-semantic-review	src/Gruntz/GameStateRecordLoad.cpp:121; src/Gruntz/GruntSteps.cpp:1510	git log --follow -- include/Gruntz/Grunt.h	none in header
include/Gruntz/Grunt.h	308	CGrunt	m_reserved1b0	i32	0x1b0	4	4	0x8d8	8	m_reserved1ac	m_reserved1b4	2	layout-changes	retained-referenced-storage-needs-semantic-review	src/Gruntz/GameStateRecordLoad.cpp:122; src/Gruntz/GruntSteps.cpp:1511	git log --follow -- include/Gruntz/Grunt.h	none in header
include/Gruntz/Grunt.h	309	CGrunt	m_reserved1b4	i32	0x1b4	4	4	0x8d8	8	m_reserved1b0	m_selectedSprite	2	layout-changes	retained-referenced-storage-needs-semantic-review	src/Gruntz/GameStateRecordLoad.cpp:123; src/Gruntz/GruntSteps.cpp:1512	git log --follow -- include/Gruntz/Grunt.h	none in header
include/Gruntz/Grunt.h	319	CGrunt	m_reserved1dc	Coord	0x1dc	8	4	0x8d8	8	m_arrived	m_entranceActive	4	layout-changes	retained-referenced-storage-needs-semantic-review	src/Gruntz/GameStateRecordLoad.cpp:128; src/Gruntz/GruntCombat.cpp:2063; src/Gruntz/GruntCombat.cpp:2064; src/Gruntz/GruntSteps.cpp:1517	git log --follow -- include/Gruntz/Grunt.h	none in header
include/Gruntz/Grunt.h	330	CGrunt	m_reserved210	i32	0x210	4	4	0x8d8	8	m_attackTargetPx	m_struckPose	5	layout-changes	retained-referenced-storage-needs-semantic-review	src/Gruntz/GameStateRecordLoad.cpp:138; src/Gruntz/Grunt.cpp:1672; src/Gruntz/Grunt.cpp:1736; src/Gruntz/Grunt.cpp:362; src/Gruntz/GruntSteps.cpp:1527	git log --follow -- include/Gruntz/Grunt.h	none in header
include/Gruntz/Grunt.h	478	CGrunt	m_reserved3dc	Coord	0x3dc	8	4	0x8d8	8	m_pickupGeoSrc	m_moveTile	2	layout-changes	retained-referenced-storage-needs-semantic-review	src/Gruntz/GameStateRecordLoad.cpp:173; src/Gruntz/GruntSteps.cpp:1562	git log --follow -- include/Gruntz/Grunt.h	none in header
include/Gruntz/Grunt.h	484	CGrunt	m_pad3fc	char[4]	0x3fc	4	1	0x8d8	8	m_wingzTime	m_moveSpeed	0	layout-identical	removed-automatic-alignment		git log --follow -- include/Gruntz/Grunt.h	none in header
include/Gruntz/Grunt.h	489	CGrunt	m_reserved418	i32	0x418	4	4	0x8d8	8	m_movePosY	m_timePerTile	3	layout-changes	retained-referenced-storage-needs-semantic-review	src/Gruntz/GameStateRecordLoad.cpp:156; src/Gruntz/Grunt.cpp:486; src/Gruntz/GruntSteps.cpp:1545	git log --follow -- include/Gruntz/Grunt.h	none in header
include/Gruntz/Grunt.h	494	CGrunt	m_reserved42c	i32	0x42c	4	4	0x8d8	8	m_powerupLoopSound	m_reserved430	3	layout-changes	retained-referenced-storage-needs-semantic-review	src/Gruntz/GameStateRecordLoad.cpp:157; src/Gruntz/Grunt.cpp:326; src/Gruntz/GruntSteps.cpp:1546	git log --follow -- include/Gruntz/Grunt.h	none in header
include/Gruntz/Grunt.h	495	CGrunt	m_reserved430	i32	0x430	4	4	0x8d8	8	m_reserved42c	m_startingItemId	3	layout-changes	retained-referenced-storage-needs-semantic-review	src/Gruntz/GameStateRecordLoad.cpp:158; src/Gruntz/Grunt.cpp:325; src/Gruntz/GruntSteps.cpp:1547	git log --follow -- include/Gruntz/Grunt.h	none in header
include/Gruntz/Grunt.h	699	CGrunt	m_reserved8d0	i32	0x8d0	4	4	0x8d8	8	CGrunt::(anonymous union at /home/sheep/Projects/gruntz/include/Gruntz/Grunt.h:680:5)		2	layout-changes	retained-referenced-storage-needs-semantic-review	src/Gruntz/GameStateRecordLoad.cpp:179; src/Gruntz/GruntSteps.cpp:1568	git log --follow -- include/Gruntz/Grunt.h	none in header
include/Gruntz/GruntVoice.h	55	CGruntVoice	m_pad74	char[4]	0x74	4	1	0x78	4	m_positionMode		0	layout-changes	retained-unexplained-layout-span		git log --follow -- include/Gruntz/GruntVoice.h	none in header
include/Gruntz/GruntzCommand.h	38	CGruntzCommand	m_pad07	char	0x7	1	1	0x14	4	m_scheduleSlot	m_targetXOrPlayerIndex	0	layout-identical	removed-automatic-alignment		git log --follow -- include/Gruntz/GruntzCommand.h	none in header
include/Gruntz/GruntzCommand.h	52	CGruntzCommand	m_pad12	i16	0x12	2	2	0x14	4	CGruntzCommand::(anonymous union at /home/sheep/Projects/gruntz/include/Gruntz/GruntzCommand.h:45:5)		0	layout-identical	removed-automatic-alignment		git log --follow -- include/Gruntz/GruntzCommand.h	none in header
include/Gruntz/GruntzMapMgr.h	27	CGruntzMapMgr	m_reserved90	i32	0x90	4	4	0x94	4	m_arr		3	layout-changes	retained-referenced-storage-needs-semantic-review	src/Gruntz/BrickzLoad.cpp:167; src/Gruntz/GruntzMapMgr.cpp:29; src/Gruntz/GruntzMapMgr.cpp:56	git log --follow -- include/Gruntz/GruntzMapMgr.h	none in header
include/Gruntz/GruntzMgr.h	294	CGruntzMgr	m_reserved3c	CObject *	0x3c	4	4	0xa30	4	m_settings	m_faderMgr	4	layout-changes	retained-referenced-storage-needs-semantic-review	src/Gruntz/GruntzMgr.cpp:199; src/Gruntz/GruntzMgr.cpp:400; src/Gruntz/GruntzMgr.cpp:401; src/Gruntz/GruntzMgr.cpp:402	git log --follow -- include/Gruntz/GruntzMgr.h	none in header
include/Gruntz/GruntzMgr.h	299	CGruntzMgr	m_reserved4c	i32	0x4c	4	4	0xa30	4	m_midi	m_shadeCache	1	layout-changes	retained-referenced-storage-needs-semantic-review	src/Gruntz/GruntzMgr.cpp:203	git log --follow -- include/Gruntz/GruntzMgr.h	none in header
include/Gruntz/GruntzMgr.h	309	CGruntzMgr	m_reserved64	i32	0x64	4	4	0xa30	4	m_voiceManager	m_triggerMgr	1	layout-changes	retained-referenced-storage-needs-semantic-review	src/Gruntz/GruntzMgr.cpp:205	git log --follow -- include/Gruntz/GruntzMgr.h	none in header
include/Gruntz/GruntzMgr.h	327	CGruntzMgr	m_reserveda8	i32	0xa8	4	4	0xa30	4	m_delayedQuitPending	m_modalBusy	1	layout-changes	retained-referenced-storage-needs-semantic-review	src/Gruntz/GruntzMgr.cpp:219	git log --follow -- include/Gruntz/GruntzMgr.h	none in header
include/Gruntz/GruntzMgr.h	331	CGruntzMgr	m_reservedb4	i32	0xb4	4	4	0xa30	4	m_renderGate	m_isCheckpointPrompts	2	layout-changes	retained-referenced-storage-needs-semantic-review	src/Gruntz/GruntzMgr.cpp:222; src/Rez/RezSync.cpp:246	git log --follow -- include/Gruntz/GruntzMgr.h	none in header
include/Gruntz/GruntzMgr.h	338	CGruntzMgr	m_reservedcc	i32	0xcc	4	4	0xa30	4	m_strWorldFile	m_driveLetter	1	layout-changes	retained-referenced-storage-needs-semantic-review	src/Gruntz/GruntzMgr.cpp:229	git log --follow -- include/Gruntz/GruntzMgr.h	none in header
include/Gruntz/GruntzMgr.h	340	CGruntzMgr	m_padD1	char[3]	0xd1	3	1	0xa30	4	m_driveLetter	m_driveLetterProbed	0	layout-identical	removed-automatic-alignment		git log --follow -- include/Gruntz/GruntzMgr.h	none in header
include/Gruntz/GruntzMgr.h	370	CGruntzMgr	m_pad14c	char[4]	0x14c	4	1	0xa30	4	m_viewBounds	m_players	0	layout-changes	retained-unexplained-layout-span		git log --follow -- include/Gruntz/GruntzMgr.h	none in header
include/Gruntz/GruntzPlayer.h	69	GruntzPlayer	m_pad034	char[4]	0x34	4	1	0x238	4	m_optionsPresenceCounted	m_battlezConfig	0	layout-changes	retained-unexplained-layout-span		git log --follow -- include/Gruntz/GruntzPlayer.h	none in header
include/Gruntz/GruntzPlayer.h	77	GruntzPlayer	m_pad234	char[4]	0x234	4	1	0x238	4	m_latency		0	layout-changes	retained-unexplained-layout-span		git log --follow -- include/Gruntz/GruntzPlayer.h	none in header
include/Gruntz/HelpState.h	25	CHelpState	m_pad1b4	char[4]	0x1b4	4	1	0x1b8	4			0	layout-changes	retained-unexplained-layout-span		git log --follow -- include/Gruntz/HelpState.h	none in header
include/Gruntz/ImageSets.h	21	WwdTileImageRecord	m_reserved4	i32	0x4	4	4	0x14	4	m_kind	m_width	0	layout-changes	retained-unexplained-layout-span		git log --follow -- include/Gruntz/ImageSets.h	none in header
include/Gruntz/InGameIcon.h	67	CInGameIcon	m_reserved7c	i32	0x7c	4	4	0x80	4	m_glitterSprite		0	layout-changes	retained-unexplained-layout-span		git log --follow -- include/Gruntz/InGameIcon.h	none in header
include/Gruntz/InputConfig.h	16	CInputConfig	m_pad00	char[20]	0x0	20	1	0x18	4		m_deviceId	0	layout-changes	retained-unexplained-layout-span		git log --follow -- include/Gruntz/InputConfig.h	none in header
include/Gruntz/KitchenSlime.h	34	CKitchenSlime	m_pad54	char[4]	0x54	4	1	0x90	8		m_speed	0	layout-identical	removed-automatic-alignment		git log --follow -- include/Gruntz/KitchenSlime.h	none in header
include/Gruntz/MapMgr.h	110	CMapMgr	m_reserved1c	i32	0x1c	4	4	0x7c	4	m_openList	m_start	2	layout-changes	retained-referenced-storage-needs-semantic-review	src/Gruntz/MapMgr.cpp:142; src/Gruntz/MapMgr.cpp:221	git log --follow -- include/Gruntz/MapMgr.h	none in header
include/Gruntz/Minimap.h	80	CMinimap	m_pad14	char[16]	0x14	16	1	0x43c	4	m_surface	m_boundsRect	0	layout-changes	retained-unexplained-layout-span		git log --follow -- include/Gruntz/Minimap.h	none in header
include/Gruntz/MotionState.h	57	CMotionState	m_padbc	char[4]	0xbc	4	1	0x108	8	m_stepDisabled	m_reservedc0	0	layout-identical	removed-automatic-alignment		git log --follow -- include/Gruntz/MotionState.h	none in header
include/Gruntz/MotionState.h	58	CMotionState	m_reservedc0	DoubleVector3	0xc0	24	8	0x108	8	m_padbc	m_maxStep	7	parse-error	retained-referenced-storage-needs-semantic-review	include/Gruntz/MotionState.h:75; src/Bute/TypeKeyColl.cpp:110; src/Bute/TypeKeyColl.cpp:111; src/Bute/TypeKeyColl.cpp:112; src/Bute/TypeKeyColl.cpp:145; src/Bute/TypeKeyColl.cpp:146; src/Bute/TypeKeyColl.cpp:147	git log --follow -- include/Gruntz/MotionState.h	none in header
include/Gruntz/MovingLogic.h	47	CMovingLogic	m_pad34	char[4]	0x34	4	1	0x150	8		m_motion	0	layout-identical	removed-automatic-alignment		git log --follow -- include/Gruntz/MovingLogic.h	none in header
include/Gruntz/Multi.h	266	CMulti	m_p5c4	char[4]	0x5c8	4	1	0x660	4	m_lastSenderId	m_processedCommandTick	0	layout-changes	retained-unexplained-layout-span		git log --follow -- include/Gruntz/Multi.h	none in header
include/Gruntz/Multi.h	268	CMulti	m_reserved5d0	i32	0x5d0	4	4	0x660	4	m_processedCommandTick	m_drainTimer	2	layout-changes	retained-referenced-storage-needs-semantic-review	src/Gruntz/Multi.cpp:457; src/Gruntz/Multi.cpp:490	git log --follow -- include/Gruntz/Multi.h	none in header
include/Gruntz/Multi.h	274	CMulti	m_reserved5e8	i32	0x5e8	4	4	0x660	4	m_lastFrameSyncTime	m_reserved5ec	3	layout-changes	retained-referenced-storage-needs-semantic-review	src/Gruntz/Multi.cpp:403; src/Gruntz/Multi.cpp:462; src/Gruntz/Multi.cpp:495	git log --follow -- include/Gruntz/Multi.h	none in header
include/Gruntz/Multi.h	275	CMulti	m_reserved5ec	i32	0x5ec	4	4	0x660	4	m_reserved5e8	m_playerLatencyMs	3	layout-changes	retained-referenced-storage-needs-semantic-review	src/Gruntz/Multi.cpp:402; src/Gruntz/Multi.cpp:461; src/Gruntz/Multi.cpp:494	git log --follow -- include/Gruntz/Multi.h	none in header
include/Gruntz/Multi.h	281	CMulti	m_pad618	char[72]	0x618	72	1	0x660	4	m_readyPlayerIds		0	layout-changes	retained-unexplained-layout-span		git log --follow -- include/Gruntz/Multi.h	none in header
include/Gruntz/ObjectDropper.h	38	CObjectDropper	m_pad54	char[4]	0x54	4	1	0x98	8		m_speed	0	layout-identical	removed-automatic-alignment		git log --follow -- include/Gruntz/ObjectDropper.h	none in header
include/Gruntz/ObjectDropper.h	47	CObjectDropper	m_pad84	char[4]	0x84	4	1	0x98	8	m_scrollMode	CObjectDropper::(anonymous union at /home/sheep/Projects/gruntz/include/Gruntz/ObjectDropper.h:48:5)	0	layout-identical	removed-automatic-alignment		git log --follow -- include/Gruntz/ObjectDropper.h	none in header
include/Gruntz/PathHazard.h	58	CPathHazard	m_pad54	char[4]	0x54	4	1	0x130	8		m_speed	0	layout-identical	removed-automatic-alignment		git log --follow -- include/Gruntz/PathHazard.h	none in header
include/Gruntz/PathHazard.h	74	CPathHazard	m_pad11c	char[4]	0x11c	4	1	0x130	8	m_strikeArmed	m_strike	0	layout-identical	removed-automatic-alignment		git log --follow -- include/Gruntz/PathHazard.h	none in header
include/Gruntz/Play.h	291	CPlay	m_reserved1b4	CString	0x1b4	4	4	0x520	4		m_pad1b8	0	layout-changes	retained-unexplained-layout-span		git log --follow -- include/Gruntz/Play.h	none in header
include/Gruntz/Play.h	292	CPlay	m_pad1b8	char[4]	0x1b8	4	1	0x520	4	m_reserved1b4	m_returnToMenuOnComplete	0	layout-changes	retained-unexplained-layout-span		git log --follow -- include/Gruntz/Play.h	none in header
include/Gruntz/Play.h	296	CPlay	m_reserved1c8	i32	0x1c8	4	4	0x520	4	m_initialFramePending	m_savedClock	1	parse-error	retained-referenced-storage-needs-semantic-review	include/Gruntz/Play.h:471	git log --follow -- include/Gruntz/Play.h	none in header
include/Gruntz/Play.h	311	CPlay	m_reserved2f0	i32	0x2f0	4	4	0x520	4	m_dragInProgress	m_cursorFrame	3	parse-error	retained-referenced-storage-needs-semantic-review	include/Gruntz/Play.h:478; src/Gruntz/Play.cpp:6644; src/Gruntz/Play.cpp:6776	git log --follow -- include/Gruntz/Play.h	none in header
include/Gruntz/Play.h	321	CPlay	m_pad324	char[4]	0x324	4	1	0x520	4	m_minimap	m_bootyTiming	0	layout-changes	retained-unexplained-layout-span		git log --follow -- include/Gruntz/Play.h	none in header
include/Gruntz/Play.h	326	CPlay	m_pad34c	char[4]	0x34c	4	1	0x520	4	m_ambientInitDone	m_syncTiming	0	layout-changes	retained-unexplained-layout-span		git log --follow -- include/Gruntz/Play.h	none in header
include/Gruntz/Play.h	351	CPlay	m_pad42a	char[6]	0x42a	6	1	0x520	4	m_pathPreviewColor	m_region0Timing	0	layout-changes	retained-unexplained-layout-span		git log --follow -- include/Gruntz/Play.h	none in header
include/Gruntz/Play.h	395	CPlay	m_reserved51c	i32	0x51c	4	4	0x520	4	m_savedMusicSequence		0	layout-changes	retained-unexplained-layout-span		git log --follow -- include/Gruntz/Play.h	none in header
include/Gruntz/PreviewState.h	28	CPreviewState	m_pad1b4	char[4]	0x1b4	4	1	0x1c4	4		m_previewCountdownMs	0	layout-changes	retained-unexplained-layout-span		git log --follow -- include/Gruntz/PreviewState.h	none in header
include/Gruntz/RollingBall.h	34	CRollingBall	m_pad54	char[4]	0x54	4	1	0xa0	8		m_moveSpeed	0	layout-identical	removed-automatic-alignment		git log --follow -- include/Gruntz/RollingBall.h	none in header
include/Gruntz/SlotHolder.h	10	CSlotHolder	m_pad0	char[8]	0x0	8	1	0x38	4		m_tileX	0	layout-changes	removed-obsolete-model		git log --follow -- include/Gruntz/SlotHolder.h	none in header
include/Gruntz/SlotHolder.h	13	CSlotHolder	m_pad10	char[36]	0x10	36	1	0x38	4	m_tileY	m_tileToken	0	layout-changes	removed-obsolete-model		git log --follow -- include/Gruntz/SlotHolder.h	none in header
include/Gruntz/SplashState.h	31	CSplashState	m_reserved1b4	i32	0x1b4	4	4	0x1bc	4		m_splashCountdownMs	1	parse-error	retained-referenced-storage-needs-semantic-review	include/Gruntz/SplashState.h:14	git log --follow -- include/Gruntz/SplashState.h	none in header
include/Gruntz/SpotLight.h	30	CSpotLight	m_pad54	char[4]	0x54	4	1	0xa8	8		m_angularVelocity	0	layout-identical	removed-automatic-alignment		git log --follow -- include/Gruntz/SpotLight.h	none in header
include/Gruntz/SpriteRefTable.h	22	CSpriteRef	m_pad0e	u16	0xe	2	2	0x10	4	m_teamColor2		0	layout-identical	removed-automatic-alignment		git log --follow -- include/Gruntz/SpriteRefTable.h	none in header
include/Gruntz/State.h	203	CState	m_reserved38	i32	0x38	4	4	0x1b4	4	m_gameResources	m_ready	3	parse-error	retained-referenced-storage-needs-semantic-review	include/Gruntz/State.h:234; src/Gruntz/Attract.cpp:506; src/Gruntz/Attract.cpp:538	git log --follow -- include/Gruntz/State.h	none in header
include/Gruntz/State.h	207	CState	m_reserved44	i32	0x44	4	4	0x1b4	4	m_notifyLatch	m_reserved48	3	layout-changes	retained-referenced-storage-needs-semantic-review	src/Gruntz/Attract.cpp:509; src/Gruntz/Attract.cpp:541; src/Gruntz/GameAssetNamespaces.cpp:35	git log --follow -- include/Gruntz/State.h	none in header
include/Gruntz/State.h	208	CState	m_reserved48	i32	0x48	4	4	0x1b4	4	m_reserved44	m_versionString	3	layout-changes	retained-referenced-storage-needs-semantic-review	src/Gruntz/Attract.cpp:510; src/Gruntz/Attract.cpp:542; src/Gruntz/GameAssetNamespaces.cpp:36	git log --follow -- include/Gruntz/State.h	none in header
include/Gruntz/State.h	211	CState	m_reserved14c	i32	0x14c	4	4	0x1b4	4	m_versionString	m_cursorX	3	layout-changes	retained-referenced-storage-needs-semantic-review	src/Gruntz/Attract.cpp:512; src/Gruntz/Attract.cpp:544; src/Gruntz/GameAssetNamespaces.cpp:37	git log --follow -- include/Gruntz/State.h	none in header
include/Gruntz/StatusBarMgr.h	313	CStatusBarMgr	m_reserved2a0	SbiClockPair	0x2a0	16	8	0x630	8	m_gruntWellTargetLevel	m_reserved2b0	1	layout-changes	retained-referenced-storage-needs-semantic-review	src/Gruntz/SBI_RectOnly.cpp:4026	git log --follow -- include/Gruntz/StatusBarMgr.h	none in header
include/Gruntz/StatusBarMgr.h	314	CStatusBarMgr	m_reserved2b0	SbiClockPair	0x2b0	16	8	0x630	8	m_reserved2a0	m_conveyorSlots	2	layout-changes	retained-referenced-storage-needs-semantic-review	src/Gruntz/SBI_RectOnly.cpp:3759; src/Gruntz/SBI_RectOnly.cpp:4027	git log --follow -- include/Gruntz/StatusBarMgr.h	none in header
include/Gruntz/StatusBarMgr.h	318	CStatusBarMgr	m_pad314	char[4]	0x314	4	1	0x630	8	m_conveyorSprites	m_rightMachine	0	layout-identical	removed-automatic-alignment		git log --follow -- include/Gruntz/StatusBarMgr.h	none in header
include/Gruntz/StatusBarMgr.h	323	CStatusBarMgr	m_reserved34c	i32	0x34c	4	4	0x630	8	m_machineDisplay	m_reserved350	2	layout-changes	retained-referenced-storage-needs-semantic-review	src/Gruntz/SBI_RectOnly.cpp:4156; src/Gruntz/SBI_RectOnly.cpp:4263	git log --follow -- include/Gruntz/StatusBarMgr.h	none in header
include/Gruntz/StatusBarMgr.h	324	CStatusBarMgr	m_reserved350	i32	0x350	4	4	0x630	8	m_reserved34c	m_chatBoxDisabled	2	layout-changes	retained-referenced-storage-needs-semantic-review	src/Gruntz/SBI_RectOnly.cpp:4157; src/Gruntz/SBI_RectOnly.cpp:4264	git log --follow -- include/Gruntz/StatusBarMgr.h	none in header
include/Gruntz/StatusBarMgr.h	333	CStatusBarMgr	m_pad374	char[4]	0x374	4	1	0x630	8	m_resourceWindowBackground	m_resourceSlots	0	layout-identical	removed-automatic-alignment		git log --follow -- include/Gruntz/StatusBarMgr.h	none in header
include/Gruntz/StatusBarMgr.h	340	CStatusBarMgr	m_pad4e4	char[4]	0x4e4	4	1	0x630	8	m_machineItemSprite	m_fallActive	0	layout-changes	retained-unexplained-layout-span		git log --follow -- include/Gruntz/StatusBarMgr.h	none in header
include/Gruntz/StatusBarMgr.h	352	CStatusBarMgr	m_reserved544	i32	0x544	4	4	0x630	8	m_rewardQueue	m_hlBusy	3	parse-error	retained-referenced-storage-needs-semantic-review	include/Gruntz/StatusBarMgr.h:418; src/Gruntz/SBI_RectOnly.cpp:4167; src/Gruntz/SBI_RectOnly.cpp:4274	git log --follow -- include/Gruntz/StatusBarMgr.h	none in header
include/Gruntz/Teleporter.h	49	CTeleporter	m_pad6c	char[4]	0x6c	4	1	0x70	8	m_tickHandled		0	layout-identical	removed-automatic-alignment		git log --follow -- include/Gruntz/Teleporter.h	none in header
include/Gruntz/TileTriggerLogic.h	123	CTileTriggerLogic	m_reserved14	i32	0x14	4	4	0x9c	4	m_cellKey	m_reserved18	2	layout-changes	retained-referenced-storage-needs-semantic-review	src/Gruntz/TileTriggerSwitchLogic.cpp:1716; src/Gruntz/TileTriggerSwitchLogic.cpp:1744	git log --follow -- include/Gruntz/TileTriggerLogic.h	none in header
include/Gruntz/TileTriggerLogic.h	124	CTileTriggerLogic	m_reserved18	i32	0x18	4	4	0x9c	4	m_reserved14	m_initGate	2	layout-changes	retained-referenced-storage-needs-semantic-review	src/Gruntz/TileTriggerSwitchLogic.cpp:1717; src/Gruntz/TileTriggerSwitchLogic.cpp:1745	git log --follow -- include/Gruntz/TileTriggerLogic.h	none in header
include/Gruntz/TileTriggerSwitchLogic.h	62	CTileTriggerSwitchLogic	m_reserved1c	i32	0x1c	4	4	0x8c	4	m_damageParam	m_initGate	3	layout-changes	retained-referenced-storage-needs-semantic-review	src/Gruntz/TileTriggerSwitchLogic.cpp:1644; src/Gruntz/TileTriggerSwitchLogic.cpp:1669; src/Gruntz/TileTriggerSwitchLogic.cpp:94	git log --follow -- include/Gruntz/TileTriggerSwitchLogic.h	none in header
include/Gruntz/Timer.h	38	CTimer	m_pad24	char[4]	0x24	4	1	0x50	4	m_frameColon	m_baseTime	0	layout-changes	retained-unexplained-layout-span		git log --follow -- include/Gruntz/Timer.h	none in header
include/Gruntz/ToyPeek.h	29	CToyPeek	m_pad54	char[4]	0x54	4	1	0x68	4		m_startClock	0	layout-changes	retained-unexplained-layout-span		git log --follow -- include/Gruntz/ToyPeek.h	none in header
include/Gruntz/TriggerMgr.h	284	CTriggerMgr	m_reserved274	char[16]	0x274	16	1	0x408	8	m_byteArr	m_groupInitialized	2	layout-changes	retained-referenced-storage-needs-semantic-review	src/Gruntz/TriggerMgr.cpp:1346; src/Gruntz/TriggerMgr.cpp:1517	git log --follow -- include/Gruntz/TriggerMgr.h	none in header
include/Gruntz/TriggerMgr.h	288	CTriggerMgr	m_pad28c	char[4]	0x28c	4	1	0x408	8	m_phase	m_cueTimer	0	layout-identical	removed-automatic-alignment		git log --follow -- include/Gruntz/TriggerMgr.h	none in header
include/Gruntz/TriggerMgr.h	295	CTriggerMgr	m_pad2ac	char[4]	0x2ac	4	1	0x408	8	m_pendingFxKind	m_gooTimer	0	layout-identical	removed-automatic-alignment		git log --follow -- include/Gruntz/TriggerMgr.h	none in header
include/Gruntz/UserLogic.h	117	CUserLogic	m_reserved2c	i32	0x2c	4	4	0x34	4	m_gatedCallbackCode	m_previousAnimationActId	4	parse-error	retained-referenced-storage-needs-semantic-review	include/Gruntz/UserLogic.h:258; src/Bute/ButeGlobals.cpp:78; src/Bute/ButeGlobals.cpp:99; src/Gruntz/GruntCombat.cpp:1108	git log --follow -- include/Gruntz/UserLogic.h	none in header
include/Gruntz/Warlord.h	63	CWarlord	m_pad84	char[4]	0x84	4	1	0xb0	8	m_animPanic	m_cooldownTimer	0	layout-identical	removed-automatic-alignment		git log --follow -- include/Gruntz/Warlord.h	none in header
include/Gruntz/WarpStoneFly.h	29	CWarpStoneFly	m_padc	char[4]	0xc	4	1	0x40	8	m_targetY	m_currentX	0	layout-identical	removed-automatic-alignment		git log --follow -- include/Gruntz/WarpStoneFly.h	none in header
include/Gruntz/WwdGridIter.h	39	WwdGridNode	m_reserved08	i32	0x8	4	4	0x18	4		m_bucket	2	parse-error	retained-referenced-storage-needs-semantic-review	include/Gruntz/WwdGridIter.h:69; src/Wwd/WwdObjMgr.cpp:1385	git log --follow -- include/Gruntz/WwdGridIter.h	none in header
include/Image/FileImageRecords.h	59	PcxHeader	m_reserved	u8	0x40	1	1	0x80	1	m_palette	m_planes	0	layout-changes	retained-unexplained-layout-span		git log --follow -- include/Image/FileImageRecords.h	31: #pragma pack(push, 1); 37: #pragma pack(pop); 39: #pragma pack(push, 1)
include/Image/Image.h	341	CFileImagePal	m_reserved	char[12]	0x0	12	1	0x10	4		m_srcPalette	0	layout-changes	retained-unexplained-layout-span		git log --follow -- include/Image/Image.h	none in header
include/Io/SaveGame.h	44	SaveSlot	m_pad34	char	0x34	1	1	0x100	4	SaveSlot::(anonymous union at /home/sheep/Projects/gruntz/include/Io/SaveGame.h:40:5)	SaveSlot::(anonymous union at /home/sheep/Projects/gruntz/include/Io/SaveGame.h:45:5)	0	layout-changes	retained-unexplained-layout-span		git log --follow -- include/Io/SaveGame.h	none in header
include/Net/NetMgr.h	54	CNetVersionPacket	m_pad1	char[3]	0x1	3	1	0x20	4	m_flags	m_messageId	0	layout-identical	removed-automatic-alignment		git log --follow -- include/Net/NetMgr.h	none in header
include/Net/NetMgr.h	59	CNetVersionPacket	m_pad10	char[8]	0x10	8	1	0x20	4	m_cfgWord	m_remoteVersion	0	layout-changes	retained-unexplained-layout-span		git log --follow -- include/Net/NetMgr.h	none in header
include/Net/NetMgr.h	68	CNetValuePacket	m_pad1	char[3]	0x1	3	1	0x10	4	m_flags	m_messageId	0	layout-identical	removed-automatic-alignment		git log --follow -- include/Net/NetMgr.h	none in header
include/Net/NetMgr.h	71	CNetValuePacket	m_padc	char[4]	0xc	4	1	0x10	4	m_value		0	layout-changes	retained-unexplained-layout-span		git log --follow -- include/Net/NetMgr.h	none in header
include/Net/NetMgr.h	76	CNetOptionsStatePacket	m_pad1	char[3]	0x1	3	1	0xc	4	m_flags	m_messageId	0	layout-identical	removed-automatic-alignment		git log --follow -- include/Net/NetMgr.h	none in header
include/Net/NetMgr.h	84	CNetPlayerRegistrationPacket	m_pad01	char[3]	0x1	3	1	0x28	1	m_flags	m_messageId	0	layout-changes	retained-unexplained-layout-span		git log --follow -- include/Net/NetMgr.h	81: #pragma pack(push, 1)
include/Net/NetMgr.h	93	CNetPlayerRegistrationPacket	m_pad0f	char[1]	0xf	1	1	0x28	1	m_ready	m_networkPlayerId	0	layout-changes	retained-unexplained-layout-span		git log --follow -- include/Net/NetMgr.h	81: #pragma pack(push, 1)
include/Net/NetMgr.h	100	CNetPlayerUpdatePacket	m_pad01	char[3]	0x1	3	1	0x2c	1	m_flags	m_messageId	0	layout-changes	retained-unexplained-layout-span		git log --follow -- include/Net/NetMgr.h	81: #pragma pack(push, 1)
include/Net/NetMgr.h	107	CNetPlayerUpdatePacket	m_pad10	char[1]	0x10	1	1	0x2c	1	m_difficulty	m_maxGruntz	0	layout-changes	retained-unexplained-layout-span		git log --follow -- include/Net/NetMgr.h	81: #pragma pack(push, 1)
include/Net/NetMgr.h	110	CNetPlayerUpdatePacket	m_pad13	char[1]	0x13	1	1	0x2c	1	m_ready	m_networkPlayerId	0	layout-changes	retained-unexplained-layout-span		git log --follow -- include/Net/NetMgr.h	81: #pragma pack(push, 1)
include/Net/NetMgr.h	120	CNetPlayerRecord	m_pad04	u8	0x4	1	1	0x20	1	m_difficulty	m_maxGruntz	0	layout-changes	retained-unexplained-layout-span		git log --follow -- include/Net/NetMgr.h	81: #pragma pack(push, 1)
include/Net/NetMgr.h	123	CNetPlayerRecord	m_pad07	u8	0x7	1	1	0x20	1	m_ready	m_networkPlayerId	0	layout-changes	retained-unexplained-layout-span		git log --follow -- include/Net/NetMgr.h	81: #pragma pack(push, 1)
include/Net/NetMgr.h	130	CNetPlayerTablePacket	m_pad01	char[3]	0x1	3	1	0x88	1	m_flags	m_messageId	0	layout-changes	retained-unexplained-layout-span		git log --follow -- include/Net/NetMgr.h	81: #pragma pack(push, 1)
include/Net/NetMgr.h	194	GruntRec	m_pad09	char[3]	0x9	3	1	0x410	4	m_entryCount	m_payloadLength	0	layout-identical	removed-automatic-alignment		git log --follow -- include/Net/NetMgr.h	81: #pragma pack(push, 1); 134: #pragma pack(pop); 180: #pragma pack(push, 1); 188: #pragma pack(pop)
include/Net/NetMgr.h	312	CNetPlayerNode	m_reserved1c	i32	0x1c	4	4	0x24	4	m_ownedBufferA	m_listPosition	1	layout-changes	retained-referenced-storage-needs-semantic-review	src/Net/NetMgr.cpp:1145	git log --follow -- include/Net/NetMgr.h	81: #pragma pack(push, 1); 134: #pragma pack(pop); 180: #pragma pack(push, 1); 188: #pragma pack(pop)
include/Net/NetMgr.h	354	CNetChatPacket	m_pad1	char[3]	0x1	3	1	0x10c	4	m_flags	m_messageId	0	layout-identical	removed-automatic-alignment		git log --follow -- include/Net/NetMgr.h	81: #pragma pack(push, 1); 134: #pragma pack(pop); 180: #pragma pack(push, 1); 188: #pragma pack(pop)
include/Net/NetMgr.h	465	CNetMgr	m_reserved88	i32	0x88	4	4	0x8c	4	m_playerCursor		0	layout-changes	retained-unexplained-layout-span		git log --follow -- include/Net/NetMgr.h	81: #pragma pack(push, 1); 134: #pragma pack(pop); 180: #pragma pack(push, 1); 188: #pragma pack(pop)
include/Net/NetPackets.h	11	CNetGameConfigPacket	m_pad1	char[3]	0x1	3	1	0x11c	4	m_flags	m_messageId	0	layout-identical	removed-automatic-alignment		git log --follow -- include/Net/NetPackets.h	none in header
include/Net/NetPackets.h	24	CNetMsg	m_pad1	char[3]	0x1	3	1	0xc	4	m_flags	m_messageId	0	layout-identical	removed-automatic-alignment		git log --follow -- include/Net/NetPackets.h	none in header
include/Rez/RezBufferObject.h	11	RezElem40	m_reserved20	i32	0x20	4	4	0x28	4	m_endRect	m_scale	1	parse-error	retained-referenced-storage-needs-semantic-review	src/DDrawMgr/Fader.cpp:266	git log --follow -- include/Rez/RezBufferObject.h	none in header
include/Wap32/Wap32.h	147	GameInfo	m_pad10c	char[64]	0x10c	64	1	0x1d4	4	m_szWindowName	m_szWindowClassName	0	layout-changes	retained-unexplained-layout-span		git log --follow -- include/Wap32/Wap32.h	none in header
include/Wwd/WwdFile.h	27	WwdHeader	m_reserved04	u32	0x4	4	4	0x5f4	4	m_headerSize	m_flags	0	layout-changes	retained-unexplained-layout-span		git log --follow -- include/Wwd/WwdFile.h	none in header
include/Wwd/WwdFile.h	29	WwdHeader	m_reserved0c	u32	0xc	4	4	0x5f4	4	m_flags	m_levelName	0	layout-changes	retained-unexplained-layout-span		git log --follow -- include/Wwd/WwdFile.h	none in header
include/Wwd/WwdFile.h	38	WwdHeader	m_reserved2d8	u32	0x2d8	4	4	0x5f4	4	m_startY	m_numPlanes	0	layout-changes	retained-unexplained-layout-span		git log --follow -- include/Wwd/WwdFile.h	none in header
include/Wwd/WwdFile.h	44	WwdHeader	m_reserved2f0	u32	0x2f0	4	4	0x5f4	4	m_checksum	m_launchApp	0	layout-changes	retained-unexplained-layout-span		git log --follow -- include/Wwd/WwdFile.h	none in header
include/Wwd/WwdFile.h	52	WwdPlaneHeader	m_reserved04	u32	0x4	4	4	0xa0	4	m_headerSize	m_flags	0	layout-changes	retained-unexplained-layout-span		git log --follow -- include/Wwd/WwdFile.h	none in header
include/Wwd/WwdFile.h	55	WwdPlaneHeader	m_reserved0c	u32	0xc	4	4	0xa0	4	m_flags	m_name	0	layout-changes	retained-unexplained-layout-span		git log --follow -- include/Wwd/WwdFile.h	none in header
include/Wwd/WwdFile.h	74	WwdPlaneHeader	m_reserved94	u32[3]	0x94	12	4	0xa0	4	m_zCoord		0	layout-changes	retained-unexplained-layout-span		git log --follow -- include/Wwd/WwdFile.h	none in header
include/Wwd/WwdFile.h	137	WwdTileDescTable	m_reserved04	u32	0x4	4	4	0x24	4	m_headerSize	m_count	0	layout-changes	retained-unexplained-layout-span		git log --follow -- include/Wwd/WwdFile.h	none in header
include/Wwd/WwdFile.h	139	WwdTileDescTable	m_reserved0c	u32[5]	0xc	20	4	0x24	4	m_count	m_descriptors	0	layout-changes	retained-unexplained-layout-span		git log --follow -- include/Wwd/WwdFile.h	none in header
include/Wwd/WwdGameObjectFamily.h	130	CGameObject	m_reservede0	i32	0xe0	4	4	0x18c	4	m_name	m_moveMode	1	layout-changes	retained-referenced-storage-needs-semantic-review	src/Wwd/WwdGameObject.cpp:342	git log --follow -- include/Wwd/WwdGameObjectFamily.h	none in header
include/Wwd/WwdGameObjectFamily.h	141	CGameObject	m_reserved100	i32	0x100	4	4	0x18c	4	m_strideY	m_spawnX	2	layout-changes	retained-referenced-storage-needs-semantic-review	src/Wwd/WwdGameObject.cpp:564; src/Wwd/WwdGameObject.cpp:642	git log --follow -- include/Wwd/WwdGameObjectFamily.h	none in header
include/Wwd/WwdGameObjectFamily.h	145	CGameObject	m_reserved110	i32	0x110	4	4	0x18c	4	m_spawnSortKey	m_score	2	layout-changes	retained-referenced-storage-needs-semantic-review	src/Wwd/WwdGameObject.cpp:568; src/Wwd/WwdGameObject.cpp:646	git log --follow -- include/Wwd/WwdGameObjectFamily.h	none in header
include/Wwd/WwdGameObjectFamily.h	165	CGameObject	m_reserved16c	i32	0x16c	4	4	0x18c	4	m_speedY	m_reserved170	2	layout-changes	retained-referenced-storage-needs-semantic-review	src/Wwd/WwdGameObject.cpp:582; src/Wwd/WwdGameObject.cpp:660	git log --follow -- include/Wwd/WwdGameObjectFamily.h	none in header
include/Wwd/WwdGameObjectFamily.h	166	CGameObject	m_reserved170	i32	0x170	4	4	0x18c	4	m_reserved16c	m_deltaX	2	layout-changes	retained-referenced-storage-needs-semantic-review	src/Wwd/WwdGameObject.cpp:583; src/Wwd/WwdGameObject.cpp:661	git log --follow -- include/Wwd/WwdGameObjectFamily.h	none in header
include/Wwd/WwdGameObjectFamily.h	169	CGameObject	m_reserved17c	i32	0x17c	4	4	0x18c	4	m_deltaY	m_reserved180	2	layout-changes	retained-referenced-storage-needs-semantic-review	src/Wwd/WwdGameObject.cpp:586; src/Wwd/WwdGameObject.cpp:664	git log --follow -- include/Wwd/WwdGameObjectFamily.h	none in header
include/Wwd/WwdGameObjectFamily.h	170	CGameObject	m_reserved180	i32	0x180	4	4	0x18c	4	m_reserved17c	m_carrierId	3	layout-changes	retained-referenced-storage-needs-semantic-review	src/Wwd/WwdGameObject.cpp:343; src/Wwd/WwdGameObject.cpp:587; src/Wwd/WwdGameObject.cpp:665	git log --follow -- include/Wwd/WwdGameObjectFamily.h	none in header
include/Wwd/WwdGameObjectFamily.h	267	CWwdSpriteObject	m_reserved18c	i32	0x18c	4	4	0x1dc	4		m_frameIndex	5	parse-error	retained-referenced-storage-needs-semantic-review	include/Wwd/WwdGameObjectFamily.h:224; include/Wwd/WwdGameObjectFamily.h:236; include/Wwd/WwdGameObjectFamily.h:288; src/Wwd/WwdGameObject.cpp:255; src/Wwd/WwdGameObject.cpp:284	git log --follow -- include/Wwd/WwdGameObjectFamily.h	none in header
include/Wwd/WwdGameObjectFamily.h	317	CWwdGameObject	m_reserved1f8	i32	0x1f8	4	4	0x1fc	4	m_children		2	parse-error	retained-referenced-storage-needs-semantic-review	include/Wwd/WwdGameObjectFamily.h:279; include/Wwd/WwdGameObjectFamily.h:287	git log --follow -- include/Wwd/WwdGameObjectFamily.h	none in header
include/Wwd/WwdGameObjectFamily.h	371	CWwdDotObject	m_p18d	char[3]	0x18d	3	1	0x190	4	m_dotColor		0	layout-identical	removed-automatic-alignment		git log --follow -- include/Wwd/WwdGameObjectFamily.h	none in header
