# DDrawMgr referent-debt ledger (wave-3B, functionRelocDiffs=data_value)
# One row per DISTINCT base-vs-target referent disagreement across the 108-fn worklist
# (build/referent-debt-worklist.tsv). CODE bytes are exact everywhere; only reloc
# referent decomposition diverges. Class: (a) source-side wrong referent,
# (b) target-side carve artifact (same retail VA, wrong symbol+addend decomposition),
# (c) missing/extra datum (enrollment asymmetry). (b)/(c) are the data campaign's
# domain (delinker / config/retail/* / manifests) - READ-ONLY for the match lane.
# Fixed under (a) and not listed: ?ScanTree@CDDrawSubMgrLeaf (g_fmtPathJoin fake name
# for the pooled "%s%s%s" literal at RVA 0x0021ab18 dissolved to the literal; 100.00 EXACT).
class	retail_va	base_ref	target_ref	fns	mechanism
b	(absolute 0)	__except_list+0x0	fs:[0x0] literal, no reloc	98	cl /GX emits DIR32 vs the absolute CRT symbol __except_list in every EH prolog/epilog; an absolute fixup leaves no .reloc entry in the EXE, so the delinker cannot re-synthesize the reloc - reloc-vs-literal scores DIFF_ARG_MISMATCH 3-4x per EH fn (330 rows).
b	0x001e0d60-0x001e37a0 (per-fn)	$L<n>+0x0 (cl-local __ehhandler funclet label)	FUN_005e####+0x8/0xb/0xe/0x17	98	same VA both sides; the per-function EH funclet has no enrolled symbol of its own, so the delinker decomposes the `push handler` address off the containing Ghidra band carve with an addend (98 rows, 1 per EH fn).
b	0x002293f4	_g_emptyString+0x0	_inflate_mask+0x3db4	3	same VA (0x00225640+0x3db4 = 0x002293f4); the 1-byte netmgrerror-owned datum is absent from the delink decomposition map (withheld), so the target falls back to the nearest enrolled neighbour 15,796 B below in zlib data. Fns: ProbeWorkerKey, GetErrorString, ??0CFxModeT1.
b	0x001b847c	??ACMapStringToPtr@@QAEAAPAXPBD@Z+0x0	??ACMapStringToOb@@QAEAAPAVCObject@@PBD@Z+0x0	5	library_labels.csv rows 1950/1964 name BOTH 0x1b804c and 0x1b847c ??ACMapStringToOb (AMBIG byte-identical MFC pair; no ??ACMapStringToPtr label exists). All 0x1b847c callers (CCheatMgr::AddCheat + these 5 fns) act on CMapStringToPtr members whose Lookup/GetNextAssoc/RemoveKey labels both sides already agree are @CMapStringToPtr, and 0x1b804c's callers (CGruntzSoundZ, CDDrawWorkerRegistry CImage maps) are Ob users - so 0x1b847c is really ??ACMapStringToPtr@@QAEAAPAXPBD@Z; the label row needs the Ptr name. Fns: AddEntry/CreateEntry/CreateEntry2@CDDrawSubMgrLeafScan, CreateAniEntry/CreateAniEntry2@CDDrawSubMgrLeaf.
c	0x001ef848	_IID_IDirectDraw2+0x0	??_7CDDSurface@@6B@+0x58	1	retail dxguid GUID table sits after the CDDSurface vtable (0x001ef7f0, unit `vtables`); the IIDs are unenrolled, so the delinker decomposes the address off the vtable symbol. Base references the DX-header extern. Fn: CreateDevice.
c	0x001ef888	_IID_IDirectDrawSurface3+0x0	??_7CDDSurface@@6B@+0x98	3	same GUID table / mechanism as 0x001ef848. Fns: CheckGrid@CMoviePlayer, BlitIntoDesc@CDDSurface, EnumSurfacesCallback.
b	0x001915ae	_DirectDrawCreate@12+0x0	FUN_005915ae+0x0	1	the ddraw import-lib thunk at 0x1915ae (`jmp [0x6c3d40]` = __imp__DirectDrawCreate@12) is unlabeled - not in the incremental-link thunk table nor library_labels - so the delinker keeps the Ghidra carve name. Fn: CreateDevice.
a	0x000d5d70	??1CLoadable@@UAE@XZ+0x0 (phantom COMDAT, no retail VA)	??1CWapObj@@UAE@XZ+0x0	1	divergent COMPILER-GENERATED callee, not a datum: retail cl elides the implicit ~CLoadable inside ??_GCLoadable and calls the base COMDAT at 0xd5d70; our cl synthesizes a byte-identical out-of-line ??1CLoadable and calls that instead. /Ob1 inline-budget wall - no referent edit fixes it (sibling dossier: src/Wwd/WwdFactoryObject.cpp:205, two-shapes-need-two-entities has no spelling for an implicit base dtor). Fn: ??_GCLoadable.
